s,R2_AB,R2_zeta,R2_GUE_theory
0.0100,0.016419,,0.000329
0.0300,0.060201,,0.002957
0.0500,0.083735,,0.008198
0.0700,0.119308,,0.016017
0.0900,0.143936,,0.026366
0.1100,0.180057,,0.039179
0.1300,0.222745,,0.054377
0.1500,0.244637,,0.071865
0.1700,0.273095,,0.091534
0.1900,0.315784,,0.113264
0.2100,0.340412,,0.136920
0.2300,0.363398,,0.162360
0.2500,0.368870,,0.189431
0.2700,0.388573,,0.217969
0.2900,0.446038,,0.247808
0.3100,0.451511,,0.278772
0.3300,0.469571,,0.310684
0.3500,0.515543,,0.343362
0.3700,0.585048,,0.376624
0.3900,0.560420,,0.410288
0.4100,0.591616,,0.444172
0.4300,0.605298,,0.478098
0.4500,0.626642,,0.511893
0.4700,0.652364,,0.545388
0.4900,0.712566,,0.578421
0.5100,0.674803,,0.610837
0.5300,0.722417,,0.642493
0.5500,0.736099,,0.673251
0.5700,0.748139,,0.702987
0.5900,0.771673,,0.731586
0.6100,0.747592,,0.758949
0.6300,0.753612,,0.784983
0.6500,0.765105,,0.809614
0.6700,0.779882,,0.832777
0.6900,0.797395,,0.854421
0.7100,0.798489,,0.874510
0.7300,0.855407,,0.893019
0.7500,0.820381,,0.909937
0.7700,0.853218,,0.925264
0.7900,0.855954,,0.939013
0.8100,0.863616,,0.951210
0.8300,0.894264,,0.961889
0.8500,0.876751,,0.971096
0.8700,0.847745,,0.978886
0.8900,0.843914,,0.985323
0.9100,0.871278,,0.990476
0.9300,0.904663,,0.994425
0.9500,0.884961,,0.997253
0.9700,0.883319,,0.999046
0.9900,0.904116,,0.999898
1.0100,0.937500,,0.999902
1.0300,0.923271,,0.999154
1.0500,0.918892,,0.997751
1.0700,0.988945,,0.995789
1.0900,0.882771,,0.993362
1.1100,0.961581,,0.990564
1.1300,0.922723,,0.987485
1.1500,0.912325,,0.984209
1.1700,0.932027,,0.980821
1.1900,0.963222,,0.977395
1.2100,0.914514,,0.974003
1.2300,0.940236,,0.970711
1.2500,0.945162,,0.967577
1.2700,0.953919,,0.964654
1.2900,0.938047,,0.961986
1.3100,0.972526,,0.959612
1.3300,0.943520,,0.957563
1.3500,0.973621,,0.955864
1.3700,0.943520,,0.954531
1.3900,0.933122,,0.953576
1.4100,0.929291,,0.953003
1.4300,0.933669,,0.952810
1.4500,0.965959,,0.952989
1.4700,0.947898,,0.953527
1.4900,0.944615,,0.954407
1.5100,0.933669,,0.955607
1.5300,0.962675,,0.957100
1.5500,0.944067,,0.958859
1.5700,0.954466,,0.960850
1.5900,0.955560,,0.963042
1.6100,0.941878,,0.965397
1.6300,1.007553,,0.967880
1.6500,0.953919,,0.970454
1.6700,0.941331,,0.973084
1.6900,0.964864,,0.975733
1.7100,0.959391,,0.978366
1.7300,0.995512,,0.980952
1.7500,0.962128,,0.983458
1.7700,0.965959,,0.985856
1.7900,0.959391,,0.988121
1.8100,1.002080,,0.990229
1.8300,0.984019,,0.992160
1.8500,0.964317,,0.993898
1.8700,0.985661,,0.995430
1.8900,0.992229,,0.996745
1.9100,0.967053,,0.997838
1.9300,0.942973,,0.998706
1.9500,0.965959,,0.999348
1.9700,0.958844,,0.999769
1.9900,0.966506,,0.999975
2.0100,0.951182,,0.999975
2.0300,0.967053,,0.999782
2.0500,0.988945,,0.999410
2.0700,0.983472,,0.998875
2.0900,1.015762,,0.998195
2.1100,0.937500,,0.997389
2.1300,0.955013,,0.996478
2.1500,1.016309,,0.995482
2.1700,0.972526,,0.994424
2.1900,0.952824,,0.993326
2.2100,0.990039,,0.992207
2.2300,0.924365,,0.991089
2.2500,0.989492,,0.989993
2.2700,1.010289,,0.988936
2.2900,0.963770,,0.987937
2.3100,1.014120,,0.987011
2.3300,0.977452,,0.986173
2.3500,0.982377,,0.985434
2.3700,0.941878,,0.984807
2.3900,0.997701,,0.984297
2.4100,1.024518,,0.983913
2.4300,0.998249,,0.983658
2.4500,0.977999,,0.983533
2.4700,0.961581,,0.983540
2.4900,0.990039,,0.983674
2.5100,1.007553,,0.983933
2.5300,1.029991,,0.984311
2.5500,0.976357,,0.984799
2.5700,1.007005,,0.985390
2.5900,0.979641,,0.986071
2.6100,0.964317,,0.986833
2.6300,0.962128,,0.987662
2.6500,0.957202,,0.988546
2.6700,0.992229,,0.989470
2.6900,0.998796,,0.990422
2.7100,0.971979,,0.991386
2.7300,0.959391,,0.992351
2.7500,1.002627,,0.993301
2.7700,0.982925,,0.994225
2.7900,1.021782,,0.995110
2.8100,1.044768,,0.995946
2.8300,1.037653,,0.996722
2.8500,0.958844,,0.997429
2.8700,0.993870,,0.998060
2.8900,1.013025,,0.998608
2.9100,0.982925,,0.999069
2.9300,0.946804,,0.999438
2.9500,0.944067,,0.999715
2.9700,1.003174,,0.999898
2.9900,0.965412,,0.999989
0.0100,,0.000000,0.000329
0.0300,,0.000000,0.002957
0.0500,,0.008000,0.008198
0.0700,,0.003000,0.016017
0.0900,,0.021000,0.026366
0.1100,,0.024000,0.039179
0.1300,,0.041001,0.054377
0.1500,,0.043001,0.071865
0.1700,,0.071001,0.091534
0.1900,,0.088002,0.113264
0.2100,,0.092002,0.136920
0.2300,,0.119002,0.162360
0.2500,,0.135003,0.189431
0.2700,,0.162003,0.217969
0.2900,,0.175004,0.247808
0.3100,,0.216004,0.278772
0.3300,,0.268005,0.310684
0.3500,,0.257005,0.343362
0.3700,,0.356007,0.376624
0.3900,,0.353007,0.410288
0.4100,,0.366007,0.444172
0.4300,,0.383008,0.478098
0.4500,,0.471009,0.511893
0.4700,,0.488010,0.545388
0.4900,,0.543011,0.578421
0.5100,,0.575012,0.610837
0.5300,,0.617012,0.642493
0.5500,,0.685014,0.673251
0.5700,,0.670013,0.702987
0.5900,,0.713014,0.731586
0.6100,,0.714014,0.758949
0.6300,,0.731015,0.784983
0.6500,,0.832017,0.809614
0.6700,,0.851017,0.832777
0.6900,,0.914018,0.854421
0.7100,,0.876018,0.874510
0.7300,,0.936019,0.893019
0.7500,,0.937019,0.909937
0.7700,,0.957019,0.925264
0.7900,,0.963019,0.939013
0.8100,,1.007020,0.951210
0.8300,,1.000020,0.961889
0.8500,,1.065021,0.971096
0.8700,,1.034021,0.978886
0.8900,,1.098022,0.985323
0.9100,,0.986020,0.990476
0.9300,,1.009020,0.994425
0.9500,,1.031021,0.997253
0.9700,,1.015020,0.999046
0.9900,,1.046021,0.999898
1.0100,,1.052021,0.999902
1.0300,,1.034021,0.999154
1.0500,,0.993020,0.997751
1.0700,,1.019020,0.995789
1.0900,,1.005020,0.993362
1.1100,,0.976020,0.990564
1.1300,,0.989020,0.987485
1.1500,,0.933019,0.984209
1.1700,,0.965019,0.980821
1.1900,,0.995020,0.977395
1.2100,,0.961019,0.974003
1.2300,,0.951019,0.970711
1.2500,,0.866017,0.967577
1.2700,,0.889018,0.964654
1.2900,,0.980020,0.961986
1.3100,,0.946019,0.959612
1.3300,,0.930019,0.957563
1.3500,,0.902018,0.955864
1.3700,,0.950019,0.954531
1.3900,,0.946019,0.953576
1.4100,,0.968019,0.953003
1.4300,,0.934019,0.952810
1.4500,,0.932019,0.952989
1.4700,,0.959019,0.953527
1.4900,,0.977020,0.954407
1.5100,,0.957019,0.955607
1.5300,,0.882018,0.957100
1.5500,,0.997020,0.958859
1.5700,,0.957019,0.960850
1.5900,,0.971019,0.963042
1.6100,,1.045021,0.965397
1.6300,,0.994020,0.967880
1.6500,,0.979020,0.970454
1.6700,,0.974019,0.973084
1.6900,,1.012020,0.975733
1.7100,,1.045021,0.978366
1.7300,,0.978020,0.980952
1.7500,,1.064021,0.983458
1.7700,,1.014020,0.985856
1.7900,,1.026021,0.988121
1.8100,,1.009020,0.990229
1.8300,,1.015020,0.992160
1.8500,,1.027021,0.993898
1.8700,,1.020020,0.995430
1.8900,,0.981020,0.996745
1.9100,,1.017020,0.997838
1.9300,,1.008020,0.998706
1.9500,,1.019020,0.999348
1.9700,,0.995020,0.999769
1.9900,,1.015020,0.999975
2.0100,,0.990020,0.999975
2.0300,,0.979020,0.999782
2.0500,,0.977020,0.999410
2.0700,,0.948019,0.998875
2.0900,,0.978020,0.998195
2.1100,,0.997020,0.997389
2.1300,,0.975020,0.996478
2.1500,,0.926019,0.995482
2.1700,,0.998020,0.994424
2.1900,,0.962019,0.993326
2.2100,,0.999020,0.992207
2.2300,,0.940019,0.991089
2.2500,,0.984020,0.989993
2.2700,,0.944019,0.988936
2.2900,,0.952019,0.987937
2.3100,,0.947019,0.987011
2.3300,,1.021020,0.986173
2.3500,,0.983020,0.985434
2.3700,,0.973019,0.984807
2.3900,,0.982020,0.984297
2.4100,,1.036021,0.983913
2.4300,,1.028021,0.983658
2.4500,,1.015020,0.983533
2.4700,,0.973019,0.983540
2.4900,,0.960019,0.983674
2.5100,,1.041021,0.983933
2.5300,,0.962019,0.984311
2.5500,,0.955019,0.984799
2.5700,,0.963019,0.985390
2.5900,,0.988020,0.986071
2.6100,,1.012020,0.986833
2.6300,,0.989020,0.987662
2.6500,,0.963019,0.988546
2.6700,,1.009020,0.989470
2.6900,,1.013020,0.990422
2.7100,,0.995020,0.991386
2.7300,,0.999020,0.992351
2.7500,,1.015020,0.993301
2.7700,,1.055021,0.994225
2.7900,,1.029021,0.995110
2.8100,,0.996020,0.995946
2.8300,,0.993020,0.996722
2.8500,,0.996020,0.997429
2.8700,,0.984020,0.998060
2.8900,,1.042021,0.998608
2.9100,,0.985020,0.999069
2.9300,,0.996020,0.999438
2.9500,,0.957019,0.999715
2.9700,,0.981020,0.999898
2.9900,,0.964019,0.999989
