ray,bounce,edge,k_before,k_after,ratio,phase
0,154,4,1.0478638481855576,67.02367800783395,63.96220093277355,transient
0,165,2,67.02367800783395,255.9887627578458,3.8193780223151133,transient
0,187,2,255.9887627578458,973.0991224095017,3.8013353083393393,transient
0,209,2,973.0991224095012,3697.8666195115306,3.800092441102201,transient
0,231,2,3697.8666195115306,14051.916826355153,3.800006401586042,transient
0,253,2,14051.91682635515,53397.290169679014,3.800000443322397,transient
0,275,2,53397.29016967901,202909.70428412972,3.800000030700987,transient
0,297,2,202909.70428412964,771056.8767110991,3.8000000021261005,transient
0,319,2,771056.876711099,2930016.1316156993,3.800000000147231,steady
0,341,2,2930016.1316156983,11134061.30016951,3.80000000001019,steady
0,363,2,11134061.30016951,42309432.94065193,3.8000000000006997,steady
0,385,2,42309432.94065191,160775845.1744791,3.800000000000044,steady
0,407,2,160775845.17447907,610948211.6630201,3.799999999999998,steady
1,26,2,1.7697523767870074,20.949292859790013,11.837414733593148,transient
1,39,4,20.949292859790013,286.81754379491963,13.69103700609561,transient
1,50,2,286.81754379491963,1090.2117730970735,3.801063765738811,transient
1,72,2,1090.2117730970733,4142.885029489937,3.8000736478205788,transient
1,94,2,4142.885029489936,15742.984241470946,3.800005100167888,transient
1,116,2,15742.984241470944,59823.34567796049,3.800000353196752,transient
1,138,2,59823.34567796047,227328.71503950492,3.800000024459601,transient
1,160,2,227328.71503950484,863849.1175351843,3.8000000016938724,transient
1,182,2,863849.1175351843,3282626.646735029,3.800000000117299,transient
1,204,2,3282626.646735029,12473981.25761975,3.8000000000081156,transient
1,226,2,12473981.257619744,47401128.77896197,3.8000000000005567,transient
1,248,2,47401128.77896197,180124289.360057,3.800000000000032,transient
1,270,2,180124289.36005697,684472299.5682157,3.799999999999996,transient
1,292,2,684472299.5682156,2600994738.359215,3.799999999999993,transient
2,116,2,1.0887559447132782,18.690220807198667,17.16658439198759,transient
2,129,4,18.690220807198656,258.99916877663964,13.857469713620745,transient
2,140,2,258.99916877663964,984.5346951939689,3.801304459177742,transient
2,162,2,984.5346951939689,3741.3207513090238,3.8000903061846127,transient
2,184,2,3741.320751309023,14217.042252242174,3.80000625374552,transient
2,206,2,14217.042252242169,54024.766715696125,3.8000004330841657,transient
2,228,2,54024.76671569612,205294.1151399544,3.8000000299919696,transient
2,250,2,205294.11513995437,780117.6379582223,3.800000002076999,transient
2,272,2,780117.6379582225,2964447.02435345,3.80000000014383,transient
2,294,2,2964447.0243534497,11264898.69257262,3.800000000009955,transient
2,316,2,11264898.692572618,42806615.03178365,3.8000000000006837,steady
2,338,2,42806615.03178365,162665137.12077966,3.800000000000042,steady
2,360,2,162665137.1207797,618127521.0589623,3.799999999999997,steady
2,382,2,618127521.0589621,2348884580.0240517,3.799999999999993,steady
3,82,2,1.2401837971372767,19.335773909409944,15.591055095255092,transient
3,95,4,19.33577390940994,266.91757409161806,13.804338804443718,transient
3,106,2,266.91757409161806,1014.6146197993351,3.80122823778952,transient
3,128,2,1014.6146197993351,3855.621829069924,3.800085031134745,transient
3,150,2,3855.6218290699244,14651.385654116893,3.800005888453844,transient
3,172,2,14651.385654116892,55675.271460289354,3.8000004077870386,transient
3,194,2,55675.27146028935,211566.03312137426,3.8000000282400914,transient
3,216,2,211566.0331213742,803950.9262749769,3.8000000019556777,transient
3,238,2,803950.9262749766,3055013.5199537883,3.800000000135428,transient
3,260,2,3055013.519953788,11609051.375853028,3.8000000000093728,transient
3,282,2,11609051.375853026,44114395.22824896,3.800000000000643,transient
3,304,2,44114395.228248954,167634701.86734775,3.800000000000039,steady
3,326,2,167634701.86734775,637011867.095921,3.7999999999999976,steady
3,348,2,637011867.095921,2420645094.9644957,3.799999999999993,steady
4,62,2,1.4977995166113176,20.171649947093528,13.46752333899178,transient
4,75,4,20.171649947093528,277.20845830611364,13.742478133081809,transient
4,86,2,277.20845830611364,1053.7078175437964,3.8011387674910555,transient
4,108,2,1053.7078175437962,4004.17277983609,3.800078838904183,transient
4,130,2,4004.1727798360894,15215.87842474745,3.8000054596471013,transient
4,152,2,15215.878424747449,57820.343767032595,3.8000003780913683,transient
4,174,2,57820.3437670326,219717.3078286689,3.800000026183605,transient
4,196,2,219717.30782866883,834925.7701473469,3.8000000018132636,transient
4,218,2,834925.7701473468,3172717.926664757,3.8000000001255674,transient
4,240,2,3172717.926664756,12056328.12135364,3.8000000000086884,transient
4,262,2,12056328.121353637,45814046.861151,3.8000000000005953,transient
4,284,2,45814046.861150995,174093378.0723754,3.800000000000035,transient
4,306,2,174093378.07237536,661554836.6750258,3.7999999999999967,steady
4,328,2,661554836.6750257,2513908379.365093,3.799999999999993,steady
5,20,4,1.6386389418123009,73.97166693689117,45.14213903343468,transient
5,31,2,73.97166693689117,282.2702977050976,3.8159245207481423,transient
5,53,2,282.27029770509756,1072.937149992904,3.8010983044126636,transient
5,75,2,1072.9371499929039,4077.2427543595268,3.8000760383648684,transient
5,97,2,4077.2427543595268,15493.543936150943,3.8000052657116674,transient
5,119,2,15493.543936150942,58875.47260726439,3.8000003646609732,transient
5,141,2,58875.47260726439,223726.79739441772,3.8000000252535218,transient
5,163,2,223726.79739441766,850161.8304900524,3.800000001748853,transient
5,185,2,850161.8304900526,3230614.9559651585,3.8000000001211047,transient
5,207,2,3230614.955965158,12276336.832694676,3.8000000000083807,transient
5,229,2,12276336.832694672,46650079.9642468,3.800000000000574,transient
5,251,2,46650079.964246795,177270303.8641394,3.800000000000034,transient
5,273,2,177270303.86413938,673627154.6837289,3.799999999999996,transient
6,128,4,1.0452103133310517,66.96305807861621,64.06658758006998,transient
6,139,2,66.96305807861621,255.75956974471512,3.8194129283111193,transient
6,161,2,255.75956974471518,972.2284950407193,3.8013377016982908,transient
6,183,2,972.2284950407192,3694.5583160596757,3.800092606733296,transient
6,205,2,3694.5583160596743,14039.345294435378,3.8000064130557942,transient
6,227,2,14039.34529443538,53349.51835396212,3.8000004441166984,transient
6,249,2,53349.51835396212,202728.1713858736,3.8000000307559954,transient
6,271,2,202728.17138587355,770367.0516981125,3.800000002129911,transient
6,293,2,770367.0516981123,2927394.796566452,3.8000000001474947,transient
6,315,2,2927394.7965664514,11124100.226982402,3.800000000010209,steady
6,337,2,11124100.226982398,42271580.8625409,3.8000000000007,steady
6,359,2,42271580.86254089,160632007.2776572,3.800000000000043,steady
6,381,2,160632007.2776572,610401627.655097,3.7999999999999976,steady
7,28,4,1.3811510159708964,71.4647538049564,51.742896307917064,transient
7,39,2,71.4647538049564,272.78495295876724,3.817055799328149,transient
7,61,2,272.7849529587671,1036.9036128056036,3.8011759870139796,transient
7,83,2,1036.9036128056032,3940.31814806352,3.800081414898343,transient
7,105,2,3940.318148063519,14973.231178283899,3.80000563803269,transient
7,127,2,14973.231178283897,56898.284323700624,3.8000003904449042,transient
7,149,2,56898.284323700624,216213.48196854143,3.8000000270391117,transient
7,171,2,216213.48196854143,821611.231885319,3.8000000018725086,transient
7,193,2,821611.2318853186,3122122.681270749,3.8000000001296694,transient
7,215,2,3122122.6812707484,11864066.188856866,3.8000000000089753,transient
7,237,2,11864066.188856864,45083451.51766339,3.8000000000006158,transient
7,259,2,45083451.5176634,171317115.76712254,3.8000000000000362,transient
7,281,2,171317115.76712248,651005039.9150646,3.799999999999995,transient
8,32,4,1.375073454489159,71.40164696700433,51.92569657562774,transient
8,43,2,71.40164696700433,272.54621373408554,3.8170858140013615,transient
8,65,2,272.5462137340854,1035.996684560906,3.801178047447376,transient
8,87,2,1035.996684560906,3936.8718946322992,3.8000815575012115,transient
8,109,2,3936.8718946322992,14960.135434692296,3.80000564790782,transient
8,131,2,14960.135434692296,56848.520503170184,3.800000391128776,transient
8,153,2,56848.520503170184,216024.37945187255,3.800000027086472,transient
8,175,2,216024.37945187252,820892.6423223317,3.8000000018757887,transient
8,197,2,820892.6423223318,3119392.0409314916,3.8000000001298964,transient
8,219,2,3119392.0409314916,11853689.755567713,3.8000000000089904,transient
8,241,2,11853689.755567713,45044021.07116462,3.800000000000617,transient
8,263,2,45044021.071164615,171167280.0704272,3.800000000000037,transient
8,285,2,171167280.07042724,650435664.2676231,3.7999999999999976,transient
9,128,2,1.1279717032606953,18.883017586653967,16.740683770761002,transient
9,141,4,18.883017586653967,261.3612105653559,13.841072242080594,transient
9,152,2,261.3612105653559,993.5074029187762,3.801280996402257,transient
9,174,2,993.5074029187759,3775.4162377316393,3.8000886824195086,transient
9,196,2,3775.416237731639,14346.604889349981,3.8000061413015924,transient
9,218,2,14346.604889349976,54517.10468110102,3.8000004252972155,transient
9,240,2,54517.10468110101,207164.9993938601,3.8000000294527063,transient
9,262,2,207164.99939386002,787226.998119213,3.800000002039654,transient
9,284,2,787226.9981192129,2991462.592964201,3.8000000001412446,transient
9,306,2,2991462.5929642003,11367557.853293197,3.8000000000097733,steady
9,328,2,11367557.853293194,43196719.84252177,3.8000000000006717,steady
9,350,2,43196719.842521764,164147535.4015844,3.800000000000039,steady
9,372,2,164147535.40158433,623760634.52602,3.7999999999999976,steady
9,394,2,623760634.52602,2370290411.198873,3.799999999999995,steady
10,250,4,1.0058100407331856,65.65486634559836,65.27561237879394,transient
10,261,2,65.65486634559836,250.8140470998834,3.820189744650946,transient
10,283,2,250.8140470998834,953.4422497053519,3.8013909536958908,transient
10,305,2,953.4422497053517,3623.172357699346,3.8000962919558448,steady
10,327,2,3623.172357699345,13768.079119486376,3.8000066682527023,steady
10,349,2,13768.079119486372,52318.70701200333,3.800000461789554,steady
10,371,2,52318.70701200331,198811.0883187584,3.8000000319798772,steady
10,393,2,198811.08831875844,755482.1360515824,3.800000002214667,steady
10,415,2,755482.1360515822,2870832.1171118766,3.8000000001533647,steady
10,437,2,2870832.1171118757,10909162.045055604,3.8000000000106158,steady
10,459,2,10909162.045055604,41454815.77121924,3.800000000000728,steady
10,481,2,41454815.771219224,157528299.9306349,3.8000000000000442,steady
10,503,2,157528299.93063486,598607539.7364123,3.799999999999999,steady
11,190,4,1.0180617464860047,66.20523775927533,65.03067027888319,transient
11,201,2,66.20523775927533,252.89456453501728,3.8198573571255974,transient
11,223,2,252.89456453501725,961.345348139649,3.8013681705940163,transient
11,245,2,961.3453481396489,3653.2033770424696,3.800094715298701,transient
11,267,2,3653.2033770424696,13882.196794382764,3.800006559071288,transient
11,289,2,13882.196794382759,52752.354124344456,3.8000004542285395,transient
11,311,2,52752.35412434444,200458.94733190062,3.8000000314562596,steady
11,333,2,200458.9473319006,761744.0002979032,3.8000000021784057,steady
11,355,2,761744.0002979031,2894627.2012469433,3.8000000001508534,steady
11,377,2,2894627.2012469443,10999583.364768611,3.8000000000104412,steady
11,399,2,10999583.364768608,41798416.78612859,3.800000000000716,steady
11,421,2,41798416.78612859,158833983.7872905,3.800000000000045,steady
11,443,2,158833983.78729048,603569138.3917034,3.799999999999997,steady
12,44,4,1.3099433894645816,70.70693189590511,53.97708974645496,transient
12,55,2,70.70693189590511,269.9181639450584,3.8174215272476033,transient
12,77,2,269.91816394505827,1026.013219316101,3.801201091175715,transient
12,99,2,1026.0132193161005,3898.9355488119136,3.800083152350404,transient
12,121,2,3898.9355488119127,14815.977536919841,3.8000057583497577,transient
12,143,2,14815.977536919841,56300.72054856778,3.800000398777088,transient
12,165,2,56300.72054856778,213942.73963936573,3.8000000276161328,transient
12,187,2,213942.73963936567,812982.4110387483,3.8000000019124687,transient
12,209,2,812982.4110387483,3089333.1620549127,3.800000000132437,transient
12,231,2,3089333.162054912,11739466.015836984,3.8000000000091663,transient
12,253,2,11739466.015836982,44609970.8601879,3.8000000000006278,transient
12,275,2,44609970.86018789,169517889.26871562,3.8000000000000367,transient
12,297,2,169517889.2687156,644167979.2211187,3.7999999999999967,transient
13,24,2,1.6159448672170298,20.516806728344612,12.696476930972608,transient
13,37,4,20.516806728344605,281.46946346858283,13.71897036392725,transient
13,48,2,281.46946346858283,1069.894861394627,3.8011045610780685,transient
13,70,2,1069.894861394627,4065.6822896642875,3.800076471406357,transient
13,92,2,4065.682289664286,15449.61423135601,3.8000052956995134,transient
13,114,2,15449.61423135601,58708.539745108654,3.8000003667376885,transient
13,136,2,58708.539745108654,223092.45252245362,3.80000002539734,transient
13,158,2,223092.45252245362,847751.3199777015,3.8000000017588125,transient
13,180,2,847751.3199777015,3221455.0160185182,3.8000000001217957,transient
13,202,2,3221455.0160185182,12241529.060897518,3.8000000000084273,transient
13,224,2,12241529.060897514,46517810.431417614,3.8000000000005767,transient
13,246,2,46517810.431417584,176767679.63938844,3.800000000000035,transient
13,268,2,176767679.63938844,671717182.6296755,3.7999999999999967,transient
13,290,2,671717182.6296754,2552525293.9927616,3.7999999999999927,transient
14,170,4,1.0328431661517115,66.65608730007885,64.53650417074834,transient
14,181,2,66.65608730007885,254.59900055413152,3.8195911411354375,transient
14,203,2,254.59900055413152,967.8198904760123,3.801349920343617,transient
14,225,2,967.8198904760121,3677.806028817894,3.8000934523147727,transient
14,247,2,3677.806028817894,13975.68671083892,3.800006471611264,transient
14,269,2,13975.68671083892,53107.61576469619,3.800000448171773,transient
14,291,2,53107.61576469619,201808.94155413678,3.800000031036815,transient
14,313,2,201808.94155413675,766873.9783394794,3.8000000021493587,steady
14,335,2,766873.9783394792,2914121.117804163,3.8000000001488408,steady
14,357,2,2914121.117804162,11073660.247685838,3.8000000000103022,steady
14,379,2,11073660.247685835,42079908.941214,3.8000000000007073,steady
14,401,2,42079908.941213995,159903653.97661495,3.800000000000042,steady
14,423,2,159903653.97661495,607633885.1111364,3.7999999999999976,steady
15,124,4,1.0508108279311306,67.08925243183582,63.84522375347354,transient
15,135,2,67.08925243183582,256.2366901483709,3.819340369140543,transient
15,157,2,256.2366901483708,974.0409160089322,3.8013327265698185,transient
15,179,2,974.0409160089317,3701.4453482177464,3.800092262432028,transient
15,201,2,3701.445348217746,14065.515972551466,3.8000063892133493,transient
15,223,2,14065.515972551468,53448.96691920204,3.800000442465564,transient
15,245,2,53448.96691920203,203106.07593073224,3.80000003064165,transient
15,267,2,203106.07593073222,771803.0889677719,3.8000000021219917,transient
15,289,2,771803.0889677717,2932851.738190946,3.8000000001469463,transient
15,311,2,2932851.7381909452,11144836.605155421,3.800000000010171,steady
15,333,2,11144836.605155421,42350379.099598385,3.8000000000006984,steady
15,355,2,42350379.09959837,160931440.57847553,3.8000000000000407,steady
15,377,2,160931440.57847548,611539474.1982064,3.7999999999999976,steady
16,336,2,1.014815927146097,18.153608504633173,17.88857271454679,steady
16,349,4,18.153608504633173,252.43815793851368,13.905673787891057,steady
16,360,2,252.43815793851368,959.6116281485046,3.801373120391082,steady
16,382,2,959.6116281485046,3646.6154055735774,3.800095057840677,steady
16,404,2,3646.6154055735774,13857.162546089847,3.8000065827918723,steady
16,426,2,13857.162546089841,52657.22399222319,3.8000004558712344,steady
16,448,2,52657.22399222318,200097.45283283776,3.800000031570021,steady
16,470,2,200097.45283283773,760370.3212022533,3.8000000021862843,steady
16,492,2,760370.3212022532,2889407.2206836804,3.8000000001513974,steady
16,514,2,2889407.2206836795,10979747.43862826,3.800000000010479,steady
16,536,2,10979747.438628256,41723040.26679527,3.8000000000007192,steady
16,558,2,41723040.266795255,158547553.0138238,3.8000000000000442,steady
16,580,2,158547553.0138238,602480701.4525301,3.799999999999998,steady
16,602,2,602480701.4525299,2289426665.5196104,3.7999999999999945,steady
17,70,4,1.3923291394955188,71.58015955502844,51.410372392955885,transient
17,81,2,71.58015955502844,273.22154878165117,3.8170011142767506,transient
17,103,2,273.22154878165105,1038.56216466924,3.8011722329384128,transient
17,125,2,1038.5621646692398,3946.6205103364746,3.800081155077886,transient
17,147,2,3946.6205103364737,14997.180119445056,3.800005620040335,transient
17,169,2,14997.180119445053,56989.29029077722,3.800000389198901,transient
17,191,2,56989.29029077722,216559.30464097572,3.8000000269528234,transient
17,213,2,216559.30464097564,822925.3580399223,3.800000001866532,transient
17,235,2,822925.3580399218,3127116.3606580705,3.8000000001292555,transient
17,257,2,3127116.36065807,11883042.17052864,3.800000000008945,transient
17,279,2,11883042.170528635,45155560.24801612,3.800000000000615,transient
17,301,2,45155560.24801613,171591128.9424629,3.800000000000036,steady
17,323,2,171591128.94246283,652046289.9813583,3.799999999999997,steady
18,292,2,1.0091782525390407,18.077595474743408,17.913183750503052,transient
18,305,4,18.077595474743404,251.51040052823774,13.912823797812509,steady
18,316,2,251.51040052823774,956.087427591954,3.801383265200643,steady
18,338,2,956.087427591954,3633.2237796778522,3.8000957598916005,steady
18,360,2,3633.223779677852,13806.274456164967,3.80000663140797,steady
18,382,2,13806.274456164967,52463.849273792584,3.8000004592379883,steady
18,404,2,52463.84927379257,199362.62890892877,3.8000000318031755,steady
18,426,2,199362.62890892872,757577.9902930115,3.800000002202431,steady
18,448,2,757577.9902930117,2878796.363228988,3.800000000152517,steady
18,470,2,2878796.3632289874,10939426.18030054,3.8000000000105554,steady
18,492,2,10939426.180300536,41569819.48514997,3.8000000000007255,steady
18,514,2,41569819.485149965,157965314.04357174,3.800000000000045,steady
18,536,2,157965314.0435717,600268193.365572,3.7999999999999967,steady
18,558,2,600268193.365572,2281019134.7891703,3.7999999999999945,steady
19,186,2,1.0480108793659049,18.44523209950016,17.600229599391543,transient
19,199,4,18.445232099500156,256.0012923560993,13.878995448533102,transient
19,210,2,256.0012923560993,973.1467181657049,3.8013351776836033,transient
19,232,2,973.1467181657048,3698.047478985751,3.8000924320602367,transient
19,254,2,3698.047478985751,14052.604091199462,3.8000064009598966,transient
19,276,2,14052.604091199459,53399.90177578274,3.800000443279036,transient
19,298,2,53399.90177578274,202919.6283872438,3.8000000306979853,transient
19,320,2,202919.62838724375,771094.5883029116,3.8000000021258926,steady
19,342,2,771094.5883029114,2930159.4356645807,3.800000000147216,steady
19,364,2,2930159.43566458,11134605.855555259,3.8000000000101886,steady
19,386,2,11134605.855555255,42311502.25111775,3.800000000000699,steady
19,408,2,42311502.25111775,160783708.55424932,3.8000000000000442,steady
19,430,2,160783708.55424932,610978092.5061469,3.7999999999999967,steady
19,452,2,610978092.5061469,2321716751.5233545,3.799999999999994,steady
20,62,2,1.1938924281043772,19.160928715250268,16.049124916281908,transient
20,75,4,19.160928715250268,264.7702816291226,13.818238435300414,transient
20,86,2,264.7702816291226,1006.4575653082655,3.8012482334330198,transient
20,108,2,1006.4575653082654,3824.6257211941484,3.8000864149922835,transient
20,130,2,3824.625721194148,14533.600628186658,3.800005984284624,transient
20,152,2,14533.600628186652,55227.68841017489,3.800000414423498,transient
20,174,2,55227.688410174866,209865.2175436814,3.800000028699679,transient
20,196,2,209865.2175436813,797487.8270830975,3.800000001987507,transient
20,218,2,797487.8270830975,3030453.7430255306,3.800000000137632,transient
20,240,2,3030453.7430255306,11515724.223525885,3.8000000000095264,transient
20,262,2,11515724.223525885,43759752.04940588,3.8000000000006526,transient
20,284,2,43759752.04940588,166287057.7877441,3.8000000000000402,transient
20,306,2,166287057.78774408,631890819.593427,3.7999999999999967,steady
20,328,2,631890819.5934268,2401185114.4550185,3.7999999999999945,steady
21,40,2,1.6115152938744413,20.50410800998238,12.723495760742018,transient
21,53,4,20.504108009982378,281.3125814111575,13.719815623005942,transient
21,64,2,281.3125814111575,1069.2988828481816,3.8011057930086976,transient
21,86,2,1069.2988828481816,4063.417616786497,3.8000765566715913,transient
21,108,2,4063.4176167864957,15441.008486420076,3.8000053016040742,transient
21,130,2,15441.008486420073,58675.83791750988,3.8000003671465894,transient
21,152,2,58675.83791750987,222968.18557840912,3.800000025425655,transient
21,174,2,222968.18557840903,847279.1055905507,3.800000001760773,transient
21,196,2,847279.1055905506,3219660.6013474017,3.8000000001219307,transient
21,218,2,3219660.6013474003,12234710.285147287,3.8000000000084375,transient
21,240,2,12234710.285147287,46491899.08356677,3.8000000000005785,transient
21,262,2,46491899.08356677,176669216.5175554,3.800000000000036,transient
21,284,2,176669216.5175554,671343022.76671,3.7999999999999976,transient
21,306,2,671343022.7667102,2551103486.513495,3.7999999999999945,steady
22,18,4,1.6097856279937024,73.70237938836264,45.78397154670769,transient
22,29,2,73.70237938836264,281.25126950155703,3.8160405652516243,transient
22,51,2,281.2512695015571,1069.065965361445,3.8011062750261697,transient
22,73,2,1069.0659653614453,4062.5325481713835,3.8000765900333042,transient
22,95,2,4062.5325481713817,15437.645230375936,3.8000053039143515,transient
22,117,2,15437.645230375932,58663.057545777236,3.8000003673065814,transient
22,139,2,58663.05754577723,222919.62016615027,3.8000000254367374,transient
22,161,2,222919.6201661503,847094.5570240532,3.800000001761541,transient
22,183,2,847094.5570240531,3218959.3167947354,3.8000000001219862,transient
22,205,2,3218959.3167947363,12232045.403847171,3.8000000000084415,transient
22,227,2,12232045.40384717,46481772.534626335,3.80000000000058,transient
22,249,2,46481772.534626335,176630735.63158163,3.8000000000000336,transient
22,271,2,176630735.63158163,671196795.4000095,3.7999999999999963,transient
23,32,4,1.5803834625679325,73.42570889080547,46.46069174344405,transient
23,43,2,73.42570889080547,280.20433513800253,3.8161611153759027,transient
23,65,2,280.2043351380024,1065.0887765578677,3.801114554609959,transient
23,87,2,1065.0887765578673,4047.419536454671,3.8000771630840395,transient
23,109,2,4047.4195364546695,15380.215866309612,3.8000053435977352,transient
23,131,2,15380.215866309612,58444.82598349815,3.80000037005473,transient
23,153,2,58444.82598349815,222090.3402350615,3.800000025627051,transient
23,175,2,222090.34023506148,843943.2932873818,3.8000000017747197,transient
23,197,2,843943.2932873815,3206984.5145957684,3.8000000001228975,transient
23,219,2,3206984.5145957675,12186541.15549119,3.8000000000085046,transient
23,241,2,12186541.155491188,46308856.39087362,3.800000000000583,transient
23,263,2,46308856.39087361,175973654.28532135,3.8000000000000353,transient
23,285,2,175973654.28532135,668699886.2842206,3.7999999999999967,transient
