ray,period,q_fit,d_max,d_min
0,22,0.99094697413628,0.05955737624500222,6.17976436439118e-10
1,22,0.9934225479445729,0.05891952027093815,6.179760083627527e-10
2,22,0.9913770247132279,0.05939780798252116,6.179762431143075e-10
3,22,0.9921178866640882,0.05831633364014444,6.17976132418235e-10
4,22,0.9925698761451187,0.052634721547894156,6.179762431143075e-10
5,22,0.9939584668602226,0.0563608275782814,6.17976216201434e-10
6,22,0.991472647239083,0.05804651532715664,6.179762431143075e-10
7,22,0.9937575588615943,0.05799671441295779,6.179762431143075e-10
8,22,0.9936647377018479,0.05734146219887419,6.179761882380301e-10
9,22,0.9911262746094874,0.059441522584801475,6.179762431143075e-10
10,22,0.989242871784891,0.05968134152056491,6.179764640569481e-10
11,22,0.9902787500397046,0.05954839496614105,6.179760207870624e-10
12,22,0.9933734803650988,0.05732524286697259,6.179760208531396e-10
13,22,0.993467146407314,0.055710093353250154,6.179760208964398e-10
14,22,0.9906651525803208,0.05846005710793047,6.179760209625172e-10
15,22,0.9915656952072434,0.05817029302604451,6.179760210718948e-10
16,22,0.9877225661218487,0.05965951698110588,6.179763535856277e-10
17,22,0.9927515924785968,0.05921943212974271,6.179761436901294e-10
18,22,0.988332619672194,0.05918297847261245,6.179755692392585e-10
19,22,0.9900051087763633,0.05906801630619083,6.179761326369901e-10
20,22,0.9925673899251624,0.05866610776278203,6.179760221716677e-10
21,22,0.993084336161712,0.05722796819063821,6.179751273539766e-10
22,22,0.9940124189889917,0.05704117251625457,6.179764640569481e-10
23,22,0.9936544224307973,0.05933316384945691,6.179762320671873e-10
