medium,ray,loop_found,period
hyperbolic,0,1,22
hyperbolic,1,1,22
hyperbolic,2,1,22
hyperbolic,3,1,22
hyperbolic,4,1,22
hyperbolic,5,1,22
hyperbolic,6,1,22
hyperbolic,7,1,22
hyperbolic,8,1,22
hyperbolic,9,1,22
hyperbolic,10,1,22
hyperbolic,11,1,22
hyperbolic,12,1,22
hyperbolic,13,1,22
hyperbolic,14,1,22
hyperbolic,15,1,22
hyperbolic,16,1,22
hyperbolic,17,1,22
hyperbolic,18,1,22
hyperbolic,19,1,22
hyperbolic,20,1,22
hyperbolic,21,1,22
hyperbolic,22,1,22
hyperbolic,23,1,22
isotropic,0,0,0
isotropic,1,0,0
isotropic,2,0,0
isotropic,3,0,0
isotropic,4,0,0
isotropic,5,0,0
isotropic,6,0,0
isotropic,7,0,0
isotropic,8,0,0
isotropic,9,0,0
isotropic,10,0,0
isotropic,11,0,0
isotropic,12,0,0
isotropic,13,0,0
isotropic,14,0,0
isotropic,15,0,0
isotropic,16,0,0
isotropic,17,0,0
isotropic,18,0,0
isotropic,19,0,0
isotropic,20,0,0
isotropic,21,0,0
isotropic,22,0,0
isotropic,23,0,0
