ray,chirality_original,chirality_mirrored,hausdorff_mirror_loop
0,-0.4682744825030963,0.4682744825030964,2.3420180361420893e-15
1,-0.031725517798238505,0.03172551779823871,1.9984014443252818e-15
2,0.4682744825030965,-0.46827448250309645,2.8887141192996264e-15
3,0.4682744825030963,-0.46827448250309617,5.661048867003676e-16
4,0.4682744825030963,-0.4682744825030963,3.1086244689504383e-15
5,0.4682744825030963,-0.4682744825030964,2.6645352591003757e-15
6,0.03172551796134823,-0.03172551796134823,6.018130234607097e-15
7,0.4682744825030964,-0.46827448250309645,5.236911533344271e-15
8,-0.03172551779823878,0.03172551779823871,5.46834149340858e-15
9,-0.46827448250309645,0.46827448250309617,9.572455008724559e-15
10,-0.4682744825030963,0.46827448250309617,4.553268130182947e-15
11,0.4682744825136016,-0.4682744825136016,7.822149574203035e-15
12,-0.4682744825030963,0.46827448250309645,4.07657507034135e-15
13,-0.46827448250309645,0.46827448250309645,3.580361673049448e-15
14,-0.4682744825030963,0.46827448250309645,2.7755575615628914e-15
15,-0.4682744825030963,0.4682744825030963,4.1317602818954125e-15
16,-0.4682744826767114,0.46827448267671146,2.220446049250313e-15
17,0.4682744825030964,-0.4682744825030962,1.8318679906315083e-15
18,0.4682744825030964,-0.46827448250309645,1.887379141862766e-15
19,0.4682744825030963,-0.46827448250309645,3.6637359812630166e-15
20,0.4682744825030965,-0.46827448250309645,5.4131200380081324e-15
21,-0.4682744825030962,0.46827448250309645,1.0108670566267367e-14
22,-0.03172551779823878,0.03172551779823871,2.795470146924422e-15
23,0.4682744825030964,-0.46827448250309645,4.440892098500626e-16
