eta,s,u,lock_frac,median_growth_per_bounce_log10,median_period,n_rays
9.0,0.005,0.015,0.0,0.0,0.0,12
9.0,0.01,0.03,0.0,0.0,0.0,12
9.0,0.02,0.06,0.08333333333333333,1.928654933106574e-18,8.0,12
9.0,0.03,0.09,0.25,1.1571929598639441e-17,8.0,12
9.0,0.045,0.135,0.8333333333333334,0.019696265498335336,8.0,12
9.0,0.06,0.18,1.0,0.034984960704768524,8.0,12
9.0,0.08,0.24,1.0,0.06615195840492527,8.0,12
9.0,0.1,0.30000000000000004,1.0,0.12937338789537267,8.0,12
9.0,0.11,0.33,1.0,0.17947766120979203,8.0,12
9.0,0.12,0.36,0.5833333333333334,0.18767523864550667,8.0,12
9.0,0.13,0.39,0.5,0.05921578868346041,8.0,12
9.0,0.14,0.42000000000000004,0.4166666666666667,0.049979342845160576,8.0,12
16.0,0.005,0.02,0.0,0.0,0.0,12
16.0,0.01,0.04,0.0,9.643274665532865e-18,0.0,12
16.0,0.02,0.08,0.16666666666666666,0.007266564595543698,10.0,12
16.0,0.03,0.12,0.5,0.010216685468917365,10.0,12
16.0,0.045,0.18,1.0,0.02944216557281925,10.0,12
16.0,0.06,0.24,1.0,0.07066006182913023,10.0,12
16.0,0.08,0.32,1.0,0.1419490786138551,10.0,12
16.0,0.1,0.4,0.4166666666666667,0.05957481003901817,10.0,12
16.0,0.11,0.44,0.4166666666666667,0.049905014006793175,10.0,12
16.0,0.12,0.48,0.3333333333333333,0.04358922878615748,10.0,12
16.0,0.13,0.52,0.9166666666666666,0.03960137286116813,10.0,12
16.0,0.14,0.56,0.8333333333333334,0.036550032775484034,10.0,12
25.0,0.005,0.025,0.0,0.0,0.0,12
25.0,0.01,0.05,0.0,0.0,0.0,12
25.0,0.02,0.1,0.08333333333333333,0.0,12.0,12
25.0,0.03,0.15,0.4166666666666667,0.0,12.0,12
25.0,0.045,0.22499999999999998,0.9166666666666666,0.03922275153637868,12.0,12
25.0,0.06,0.3,1.0,0.058835568022611195,12.0,12
25.0,0.08,0.4,0.75,0.060482971906890115,12.0,12
25.0,0.1,0.5,1.0,0.04516810650819873,12.0,12
25.0,0.11,0.55,0.0,0.041033898152608994,0.0,12
25.0,0.12,0.6,0.0,0.037837721491616905,0.0,12
25.0,0.13,0.65,0.0,0.03528769926052122,0.0,12
25.0,0.14,0.7000000000000001,0.0,0.03317520442481356,0.0,12
100.0,0.005,0.05,0.0,0.0,0.0,12
100.0,0.01,0.1,0.08333333333333333,0.0,22.0,12
100.0,0.02,0.2,0.75,0.0,22.0,12
100.0,0.03,0.3,0.9166666666666666,0.0,22.0,12
100.0,0.045,0.44999999999999996,0.75,0.0,22.0,12
100.0,0.06,0.6,0.9166666666666666,0.0,22.0,12
100.0,0.08,0.8,0.16666666666666666,0.0,22.0,12
100.0,0.1,1.0,0.08333333333333333,0.0,4.0,12
100.0,0.11,1.1,0.0,0.0,0.0,12
100.0,0.12,1.2,0.0,0.0,0.0,12
100.0,0.13,1.3,0.0,0.0,0.0,12
100.0,0.14,1.4000000000000001,0.0,0.0,0.0,12
400.0,0.005,0.1,0.25,0.0,42.0,12
400.0,0.01,0.2,0.9166666666666666,0.0,42.0,12
400.0,0.02,0.4,0.9166666666666666,0.0,42.0,12
400.0,0.03,0.6,0.0,0.0,0.0,12
400.0,0.045,0.8999999999999999,0.16666666666666666,0.0,42.0,12
400.0,0.06,1.2,0.0,0.0,0.0,12
400.0,0.08,1.6,0.0,0.0,0.0,12
400.0,0.1,2.0,0.0,0.0,0.0,12
400.0,0.11,2.2,0.0,0.0,0.0,12
400.0,0.12,2.4,0.0,0.0,0.0,12
400.0,0.13,2.6,0.0,0.0,0.0,12
400.0,0.14,2.8000000000000003,0.0,0.0,0.0,12
