ray,bounce,x,y
0,0,4.7709229950204651e-01,0.0000000000000000e+00
0,1,4.6731449203354569e-01,1.0000000000000002e+00
0,2,4.5753668456504487e-01,-1.1102230246251565e-16
0,3,4.4775887709654405e-01,1.0000000000000000e+00
0,4,4.3798106962804323e-01,1.1102230246251565e-16
0,5,4.2820326215954241e-01,1.0000000000000000e+00
0,6,4.1842545469104159e-01,1.1102230246251565e-16
0,7,4.0864764722254077e-01,1.0000000000000000e+00
0,8,3.9886983975403995e-01,1.1102230246251565e-16
0,9,3.8909203228553912e-01,1.0000000000000000e+00
0,10,3.7931422481703830e-01,1.1102230246251565e-16
0,11,3.6953641734853748e-01,1.0000000000000000e+00
0,12,3.5975860988003666e-01,1.1102230246251565e-16
0,13,3.4998080241153584e-01,1.0000000000000000e+00
0,14,3.4020299494303502e-01,1.1102230246251565e-16
0,15,3.3042518747453420e-01,1.0000000000000000e+00
0,16,3.2064738000603338e-01,1.1102230246251565e-16
0,17,3.1086957253753256e-01,1.0000000000000000e+00
0,18,3.0109176506903174e-01,1.1102230246251565e-16
0,19,2.9131395760053092e-01,1.0000000000000000e+00
0,20,2.8153615013203009e-01,1.1102230246251565e-16
0,21,2.7175834266352927e-01,1.0000000000000000e+00
0,22,2.6198053519502845e-01,1.1102230246251565e-16
0,23,2.5220272772652763e-01,1.0000000000000000e+00
0,24,2.4242492025802681e-01,1.1102230246251565e-16
0,25,2.3264711278952599e-01,1.0000000000000000e+00
0,26,2.2286930532102517e-01,1.1102230246251565e-16
0,27,2.1309149785252435e-01,1.0000000000000000e+00
0,28,2.0331369038402353e-01,1.1102230246251565e-16
0,29,1.9353588291552271e-01,1.0000000000000000e+00
0,30,1.8375807544702188e-01,1.1102230246251565e-16
0,31,1.7398026797852106e-01,1.0000000000000000e+00
0,32,1.6420246051002024e-01,1.1102230246251565e-16
0,33,1.5442465304151942e-01,1.0000000000000000e+00
0,34,1.4464684557301860e-01,1.1102230246251565e-16
0,35,1.3486903810451778e-01,1.0000000000000000e+00
0,36,1.2509123063601696e-01,1.1102230246251565e-16
0,37,1.1531342316751612e-01,1.0000000000000000e+00
0,38,1.0553561569901529e-01,1.1102230246251565e-16
0,39,9.5757808230514455e-02,1.0000000000000000e+00
0,40,8.5980000762013620e-02,1.1102230246251565e-16
0,41,7.6202193293512785e-02,1.0000000000000000e+00
0,42,6.6424385825011950e-02,1.1102230246251565e-16
0,43,5.6646578356511115e-02,1.0000000000000000e+00
0,44,4.6868770888010280e-02,1.1102230246251565e-16
0,45,3.7090963419509446e-02,1.0000000000000000e+00
0,46,2.7588272381666581e-02,2.8136822213889912e-02
0,47,3.0374721680904077e-02,0.0000000000000000e+00
0,48,1.2940681103573537e-01,1.0000000000000002e+00
0,49,2.2843890039056669e-01,-1.1102230246251565e-16
0,50,3.2747098974539801e-01,1.0000000000000000e+00
0,51,4.2650307910022933e-01,-1.1102230246251565e-16
0,52,5.2553516845506065e-01,1.0000000000000000e+00
0,53,6.2456725780989197e-01,-1.1102230246251565e-16
0,54,7.2359934716472329e-01,1.0000000000000000e+00
0,55,8.2263143651955462e-01,-1.1102230246251565e-16
0,56,9.2166352587438594e-01,1.0000000000000000e+00
0,57,9.9114804494731168e-01,2.9836359552598435e-01
0,58,1.0000000000000000e+00,3.8694279921212638e-01
0,59,9.3873555797020936e-01,1.0000000000000000e+00
0,60,8.3880289118187068e-01,1.1102230246251565e-16
0,61,7.3887022439353200e-01,1.0000000000000000e+00
0,62,6.3893755760519333e-01,1.1102230246251565e-16
0,63,5.3900489081685465e-01,1.0000000000000000e+00
0,64,4.3907222402851598e-01,1.1102230246251565e-16
0,65,3.3913955724017730e-01,1.0000000000000000e+00
0,66,2.3920689045183863e-01,1.1102230246251565e-16
0,67,1.3927422366349995e-01,1.0000000000000000e+00
0,68,3.9341556875161290e-02,1.1102230246251565e-16
0,69,0.0000000000000000e+00,3.9368064718096019e-01
0,70,6.0591110913177371e-02,1.0000000000000000e+00
0,71,1.6052377770151605e-01,1.1102230246251565e-16
0,72,2.6045644448985472e-01,1.0000000000000000e+00
0,73,3.6038911127819340e-01,1.1102230246251565e-16
0,74,4.6032177806653207e-01,1.0000000000000000e+00
0,75,5.6025444485487075e-01,1.1102230246251565e-16
0,76,6.6018711164320942e-01,1.0000000000000000e+00
0,77,7.6011977843154810e-01,1.1102230246251565e-16
0,78,8.6005244521988677e-01,1.0000000000000000e+00
0,79,9.5262530795724709e-01,7.3647629750608679e-02
0,80,1.0000000000000000e+00,5.4741665877817436e-01
0,81,9.5474377591636850e-01,1.0000000000000000e+00
0,82,8.5474844043583920e-01,0.0000000000000000e+00
0,83,7.5475310495530989e-01,1.0000000000000000e+00
0,84,6.5475776947478059e-01,0.0000000000000000e+00
0,85,5.5476243399425129e-01,1.0000000000000000e+00
0,86,4.5476709851372199e-01,0.0000000000000000e+00
0,87,3.5477176303319269e-01,1.0000000000000000e+00
0,88,2.5477642755266339e-01,0.0000000000000000e+00
0,89,1.5478109207213409e-01,1.0000000000000000e+00
0,90,5.4785756591604798e-02,0.0000000000000000e+00
0,91,6.9388939039072284e-18,5.4788312248306870e-01
0,92,4.5209579888924503e-02,1.0000000000000000e+00
0,93,1.4520491536945379e-01,0.0000000000000000e+00
0,94,2.4520025084998309e-01,1.0000000000000000e+00
0,95,3.4519558633051239e-01,0.0000000000000000e+00
0,96,4.4519092181104170e-01,1.0000000000000000e+00
0,97,5.4518625729157100e-01,0.0000000000000000e+00
0,98,6.4518159277210030e-01,1.0000000000000000e+00
0,99,7.4517692825262960e-01,0.0000000000000000e+00
1,0,6.2963879956865310e-01,0.0000000000000000e+00
1,1,6.2249192175601109e-01,9.9999999999999989e-01
1,2,6.1534504394336909e-01,0.0000000000000000e+00
1,3,6.0819816613072708e-01,9.9999999999999989e-01
1,4,6.0105128831808508e-01,0.0000000000000000e+00
1,5,5.9390441050544307e-01,9.9999999999999989e-01
1,6,5.8675753269280106e-01,0.0000000000000000e+00
1,7,5.7961065488015906e-01,9.9999999999999989e-01
1,8,5.7246377706751705e-01,0.0000000000000000e+00
1,9,5.6531689925487505e-01,9.9999999999999989e-01
1,10,5.5817002144223304e-01,0.0000000000000000e+00
1,11,5.5102314362959104e-01,9.9999999999999989e-01
1,12,5.4387626581694903e-01,0.0000000000000000e+00
1,13,5.3672938800430703e-01,9.9999999999999989e-01
1,14,5.2958251019166502e-01,0.0000000000000000e+00
1,15,5.2243563237902302e-01,9.9999999999999989e-01
1,16,5.1528875456638101e-01,0.0000000000000000e+00
1,17,5.0814187675373901e-01,9.9999999999999989e-01
1,18,5.0099499894109700e-01,0.0000000000000000e+00
1,19,4.9384812112845505e-01,9.9999999999999989e-01
1,20,4.8670124331581310e-01,0.0000000000000000e+00
1,21,4.7955436550317115e-01,9.9999999999999989e-01
1,22,4.7240748769052920e-01,0.0000000000000000e+00
1,23,4.6526060987788725e-01,9.9999999999999989e-01
1,24,4.5811373206524530e-01,0.0000000000000000e+00
1,25,4.5096685425260336e-01,9.9999999999999989e-01
1,26,4.4381997643996141e-01,0.0000000000000000e+00
1,27,4.3667309862731946e-01,9.9999999999999989e-01
1,28,4.2952622081467751e-01,0.0000000000000000e+00
1,29,4.2237934300203556e-01,9.9999999999999989e-01
1,30,4.1523246518939361e-01,0.0000000000000000e+00
1,31,4.0808558737675166e-01,9.9999999999999989e-01
1,32,4.0093870956410971e-01,0.0000000000000000e+00
1,33,3.9379183175146776e-01,9.9999999999999989e-01
1,34,3.8664495393882581e-01,0.0000000000000000e+00
1,35,3.7949807612618386e-01,9.9999999999999989e-01
1,36,3.7235119831354191e-01,0.0000000000000000e+00
1,37,3.6520432050089996e-01,9.9999999999999989e-01
1,38,3.5805744268825801e-01,0.0000000000000000e+00
1,39,3.5091056487561606e-01,9.9999999999999989e-01
1,40,3.4376368706297411e-01,0.0000000000000000e+00
1,41,3.3661680925033216e-01,9.9999999999999989e-01
1,42,3.2946993143769021e-01,0.0000000000000000e+00
1,43,3.2232305362504826e-01,9.9999999999999989e-01
1,44,3.1517617581240631e-01,0.0000000000000000e+00
1,45,3.0802929799976436e-01,9.9999999999999989e-01
1,46,3.0088242018712241e-01,0.0000000000000000e+00
1,47,2.9373554237448046e-01,9.9999999999999989e-01
1,48,2.8658866456183851e-01,0.0000000000000000e+00
1,49,2.7944178674919656e-01,9.9999999999999989e-01
1,50,2.7229490893655461e-01,0.0000000000000000e+00
1,51,2.6514803112391266e-01,9.9999999999999989e-01
1,52,2.5800115331127071e-01,0.0000000000000000e+00
1,53,2.5085427549862876e-01,9.9999999999999989e-01
1,54,2.4370739768598682e-01,0.0000000000000000e+00
1,55,2.3656051987334487e-01,9.9999999999999989e-01
1,56,2.2941364206070292e-01,0.0000000000000000e+00
1,57,2.2226676424806097e-01,9.9999999999999989e-01
1,58,2.1511988643541902e-01,0.0000000000000000e+00
1,59,2.0797300862277707e-01,9.9999999999999989e-01
1,60,2.0082613081013512e-01,0.0000000000000000e+00
1,61,1.9367925299749317e-01,9.9999999999999989e-01
1,62,1.8653237518485122e-01,0.0000000000000000e+00
1,63,1.7938549737220927e-01,9.9999999999999989e-01
1,64,1.7223861955956732e-01,0.0000000000000000e+00
1,65,1.6509174174692537e-01,9.9999999999999989e-01
1,66,1.5794486393428342e-01,0.0000000000000000e+00
1,67,1.5079798612164147e-01,9.9999999999999989e-01
1,68,1.4365110830899952e-01,0.0000000000000000e+00
1,69,1.3650423049635757e-01,9.9999999999999989e-01
1,70,1.2935735268371562e-01,0.0000000000000000e+00
1,71,1.2221047487107367e-01,9.9999999999999989e-01
1,72,1.1506359705843172e-01,0.0000000000000000e+00
1,73,1.0791671924578977e-01,9.9999999999999989e-01
1,74,1.0076984143314782e-01,0.0000000000000000e+00
1,75,9.3622963620505872e-02,9.9999999999999989e-01
1,76,8.6476085807863923e-02,0.0000000000000000e+00
1,77,7.9329207995221973e-02,9.9999999999999989e-01
1,78,7.2182330182580023e-02,0.0000000000000000e+00
1,79,6.5035452369938074e-02,9.9999999999999989e-01
1,80,5.7888574557296124e-02,0.0000000000000000e+00
1,81,5.0741696744654174e-02,9.9999999999999989e-01
1,82,4.3594818932012225e-02,0.0000000000000000e+00
1,83,3.6447941119370275e-02,9.9999999999999989e-01
1,84,2.9354855602242120e-02,7.5266846405086518e-03
1,85,3.0099845398219523e-02,0.0000000000000000e+00
1,86,1.2907951918756053e-01,1.0000000000000000e+00
1,87,2.2805919297690153e-01,0.0000000000000000e+00
1,88,3.2703886676624255e-01,1.0000000000000000e+00
1,89,4.2601854055558358e-01,0.0000000000000000e+00
1,90,5.2499821434492455e-01,1.0000000000000000e+00
1,91,6.2397788813426558e-01,0.0000000000000000e+00
1,92,7.2295756192360661e-01,1.0000000000000000e+00
1,93,8.2193723571294763e-01,0.0000000000000000e+00
1,94,9.2091690950228866e-01,1.0000000000000000e+00
1,95,9.9065140347202396e-01,2.9546652025347320e-01
1,96,1.0000000000000000e+00,3.8901891478297995e-01
1,97,9.3894526819212176e-01,1.0000000000000000e+00
1,98,8.3901626511154859e-01,0.0000000000000000e+00
1,99,7.3908726203097541e-01,1.0000000000000000e+00
2,0,5.0348775487245212e-01,0.0000000000000000e+00
2,1,4.9688574077324066e-01,9.9999999999999989e-01
2,2,4.9028372667402920e-01,0.0000000000000000e+00
2,3,4.8368171257481773e-01,9.9999999999999989e-01
2,4,4.7707969847560627e-01,0.0000000000000000e+00
2,5,4.7047768437639481e-01,9.9999999999999989e-01
2,6,4.6387567027718335e-01,0.0000000000000000e+00
2,7,4.5727365617797189e-01,9.9999999999999989e-01
2,8,4.5067164207876043e-01,0.0000000000000000e+00
2,9,4.4406962797954896e-01,9.9999999999999989e-01
2,10,4.3746761388033750e-01,0.0000000000000000e+00
2,11,4.3086559978112604e-01,9.9999999999999989e-01
2,12,4.2426358568191458e-01,0.0000000000000000e+00
2,13,4.1766157158270312e-01,9.9999999999999989e-01
2,14,4.1105955748349166e-01,0.0000000000000000e+00
2,15,4.0445754338428019e-01,9.9999999999999989e-01
2,16,3.9785552928506873e-01,0.0000000000000000e+00
2,17,3.9125351518585727e-01,9.9999999999999989e-01
2,18,3.8465150108664581e-01,0.0000000000000000e+00
2,19,3.7804948698743435e-01,9.9999999999999989e-01
2,20,3.7144747288822288e-01,0.0000000000000000e+00
2,21,3.6484545878901142e-01,9.9999999999999989e-01
2,22,3.5824344468979996e-01,0.0000000000000000e+00
2,23,3.5164143059058850e-01,9.9999999999999989e-01
2,24,3.4503941649137704e-01,0.0000000000000000e+00
2,25,3.3843740239216558e-01,9.9999999999999989e-01
2,26,3.3183538829295411e-01,0.0000000000000000e+00
2,27,3.2523337419374265e-01,9.9999999999999989e-01
2,28,3.1863136009453119e-01,0.0000000000000000e+00
2,29,3.1202934599531973e-01,9.9999999999999989e-01
2,30,3.0542733189610827e-01,0.0000000000000000e+00
2,31,2.9882531779689681e-01,9.9999999999999989e-01
2,32,2.9222330369768534e-01,0.0000000000000000e+00
2,33,2.8562128959847388e-01,9.9999999999999989e-01
2,34,2.7901927549926242e-01,0.0000000000000000e+00
2,35,2.7241726140005096e-01,9.9999999999999989e-01
2,36,2.6581524730083950e-01,0.0000000000000000e+00
2,37,2.5921323320162803e-01,9.9999999999999989e-01
2,38,2.5261121910241657e-01,0.0000000000000000e+00
2,39,2.4600920500320511e-01,9.9999999999999989e-01
2,40,2.3940719090399365e-01,0.0000000000000000e+00
2,41,2.3280517680478219e-01,9.9999999999999989e-01
2,42,2.2620316270557073e-01,0.0000000000000000e+00
2,43,2.1960114860635926e-01,9.9999999999999989e-01
2,44,2.1299913450714780e-01,0.0000000000000000e+00
2,45,2.0639712040793634e-01,9.9999999999999989e-01
2,46,1.9979510630872488e-01,0.0000000000000000e+00
2,47,1.9319309220951342e-01,9.9999999999999989e-01
2,48,1.8659107811030196e-01,0.0000000000000000e+00
2,49,1.7998906401109049e-01,9.9999999999999989e-01
2,50,1.7338704991187903e-01,0.0000000000000000e+00
2,51,1.6678503581266757e-01,9.9999999999999989e-01
2,52,1.6018302171345611e-01,0.0000000000000000e+00
2,53,1.5358100761424465e-01,9.9999999999999989e-01
2,54,1.4697899351503318e-01,0.0000000000000000e+00
2,55,1.4037697941582172e-01,9.9999999999999989e-01
2,56,1.3377496531661026e-01,0.0000000000000000e+00
2,57,1.2717295121739880e-01,9.9999999999999989e-01
2,58,1.2057093711818735e-01,0.0000000000000000e+00
2,59,1.1396892301897590e-01,9.9999999999999989e-01
2,60,1.0736690891976446e-01,0.0000000000000000e+00
2,61,1.0076489482055301e-01,9.9999999999999989e-01
2,62,9.4162880721341560e-02,0.0000000000000000e+00
2,63,8.7560866622130112e-02,9.9999999999999989e-01
2,64,8.0958852522918665e-02,0.0000000000000000e+00
2,65,7.4356838423707217e-02,9.9999999999999989e-01
2,66,6.7754824324495769e-02,0.0000000000000000e+00
2,67,6.1152810225284314e-02,9.9999999999999989e-01
2,68,5.4550796126072859e-02,0.0000000000000000e+00
2,69,4.7948782026861404e-02,9.9999999999999989e-01
2,70,4.1346767927649949e-02,0.0000000000000000e+00
2,71,3.4744753828438495e-02,9.9999999999999989e-01
2,72,2.8275561977624181e-02,2.0118443594384527e-02
2,73,3.0266655144018724e-02,0.0000000000000000e+00
2,74,1.2923515388815296e-01,1.0000000000000002e+00
2,75,2.2820365263228720e-01,-1.1102230246251565e-16
2,76,3.2717215137642142e-01,1.0000000000000000e+00
2,77,4.2614065012055569e-01,-1.1102230246251565e-16
2,78,5.2510914886468996e-01,1.0000000000000000e+00
2,79,6.2407764760882423e-01,-1.1102230246251565e-16
2,80,7.2304614635295850e-01,1.0000000000000000e+00
2,81,8.2201464509709277e-01,-1.1102230246251565e-16
2,82,9.2098314384122704e-01,1.0000000000000000e+00
2,83,9.9068840375380351e-01,2.9568235523052100e-01
2,84,1.0000000000000000e+00,3.8886521265574020e-01
2,85,9.3893038639460935e-01,1.0000000000000000e+00
2,86,8.3900216465206301e-01,1.1102230246251565e-16
2,87,7.3907394290951667e-01,1.0000000000000000e+00
2,88,6.3914572116697033e-01,1.1102230246251565e-16
2,89,5.3921749942442398e-01,1.0000000000000000e+00
2,90,4.3928927768187764e-01,1.1102230246251565e-16
2,91,3.3936105593933130e-01,1.0000000000000000e+00
2,92,2.3943283419678496e-01,1.1102230246251565e-16
2,93,1.3950461245423862e-01,1.0000000000000000e+00
2,94,3.9576390711692264e-02,1.1102230246251565e-16
2,95,0.0000000000000000e+00,3.9604818420574078e-01
2,96,6.0351832030854077e-02,1.0000000000000000e+00
2,97,1.6028005377340043e-01,1.1102230246251565e-16
2,98,2.6020827551594677e-01,1.0000000000000000e+00
2,99,3.6013649725849312e-01,1.1102230246251565e-16
3,0,5.1536674968272833e-01,-1.1102230246251565e-16
3,1,5.2562186774505915e-01,1.0000000000000000e+00
3,2,5.3587698580738996e-01,-1.1102230246251565e-16
3,3,5.4613210386972078e-01,1.0000000000000000e+00
3,4,5.5638722193205159e-01,-1.1102230246251565e-16
3,5,5.6664233999438240e-01,1.0000000000000000e+00
3,6,5.7689745805671322e-01,-1.1102230246251565e-16
3,7,5.8715257611904403e-01,1.0000000000000000e+00
3,8,5.9740769418137485e-01,-1.1102230246251565e-16
3,9,6.0766281224370566e-01,1.0000000000000000e+00
3,10,6.1791793030603648e-01,-1.1102230246251565e-16
3,11,6.2817304836836729e-01,1.0000000000000000e+00
3,12,6.3842816643069811e-01,-1.1102230246251565e-16
3,13,6.4868328449302892e-01,1.0000000000000000e+00
3,14,6.5893840255535974e-01,-1.1102230246251565e-16
3,15,6.6919352061769055e-01,1.0000000000000000e+00
3,16,6.7944863868002137e-01,-1.1102230246251565e-16
3,17,6.8970375674235218e-01,1.0000000000000000e+00
3,18,6.9995887480468300e-01,-1.1102230246251565e-16
3,19,7.1021399286701381e-01,1.0000000000000000e+00
3,20,7.2046911092934462e-01,-1.1102230246251565e-16
3,21,7.3072422899167544e-01,1.0000000000000000e+00
3,22,7.4097934705400625e-01,-1.1102230246251565e-16
3,23,7.5123446511633707e-01,1.0000000000000000e+00
3,24,7.6148958317866788e-01,-1.1102230246251565e-16
3,25,7.7174470124099870e-01,1.0000000000000000e+00
3,26,7.8199981930332951e-01,-1.1102230246251565e-16
3,27,7.9225493736566033e-01,1.0000000000000000e+00
3,28,8.0251005542799114e-01,-1.1102230246251565e-16
3,29,8.1276517349032196e-01,1.0000000000000000e+00
3,30,8.2302029155265277e-01,-1.1102230246251565e-16
3,31,8.3327540961498359e-01,1.0000000000000000e+00
3,32,8.4353052767731440e-01,-1.1102230246251565e-16
3,33,8.5378564573964522e-01,1.0000000000000000e+00
3,34,8.6404076380197603e-01,-1.1102230246251565e-16
3,35,8.7429588186430685e-01,1.0000000000000000e+00
3,36,8.8455099992663766e-01,-1.1102230246251565e-16
3,37,8.9480611798896847e-01,1.0000000000000000e+00
3,38,9.0506123605129929e-01,-1.1102230246251565e-16
3,39,9.1531635411363010e-01,1.0000000000000000e+00
3,40,9.2557147217596092e-01,-1.1102230246251565e-16
3,41,9.3582659023829173e-01,1.0000000000000000e+00
3,42,9.4573842687080811e-01,3.3474156746380990e-02
3,43,1.0000000000000000e+00,6.4091812241824453e-01
3,44,9.6792403970133778e-01,1.0000000000000000e+00
3,45,8.7859633683144478e-01,0.0000000000000000e+00
3,46,7.8926863396155178e-01,1.0000000000000000e+00
3,47,6.9994093109165878e-01,0.0000000000000000e+00
3,48,6.1061322822176578e-01,1.0000000000000000e+00
3,49,5.2128552535187278e-01,0.0000000000000000e+00
3,50,4.3195782248197978e-01,1.0000000000000000e+00
3,51,3.4263011961208678e-01,0.0000000000000000e+00
3,52,2.5330241674219378e-01,1.0000000000000000e+00
3,53,1.6397471387230078e-01,0.0000000000000000e+00
3,54,7.4647011002407795e-02,1.0000000000000000e+00
3,55,8.1208290784161724e-03,2.5525699408514468e-01
3,56,3.3629507128839192e-02,-5.5511151231257827e-17
3,57,1.3356281987295340e-01,1.0000000000000000e+00
3,58,2.3349613261706761e-01,0.0000000000000000e+00
3,59,3.3342944536118180e-01,1.0000000000000000e+00
3,60,4.3336275810529601e-01,0.0000000000000000e+00
3,61,5.3329607084941022e-01,1.0000000000000000e+00
3,62,6.3322938359352443e-01,0.0000000000000000e+00
3,63,7.3316269633763864e-01,1.0000000000000000e+00
3,64,8.3309600908175285e-01,0.0000000000000000e+00
3,65,9.3302932182586706e-01,1.0000000000000000e+00
3,66,9.9872767165987819e-01,3.4257808468262252e-01
3,67,1.0000000000000000e+00,3.5530196590878838e-01
3,68,9.3553317387516943e-01,1.0000000000000000e+00
3,69,8.3553779363294733e-01,-1.1102230246251565e-16
3,70,7.3554241339072524e-01,1.0000000000000000e+00
3,71,6.3554703314850314e-01,-1.1102230246251565e-16
3,72,5.3555165290628104e-01,1.0000000000000000e+00
3,73,4.3555627266405894e-01,-1.1102230246251565e-16
3,74,3.3556089242183684e-01,1.0000000000000000e+00
3,75,2.3556551217961474e-01,-1.1102230246251565e-16
3,76,1.3557013193739265e-01,1.0000000000000000e+00
3,77,3.5574751695170562e-02,-1.1102230246251565e-16
3,78,0.0000000000000000e+00,3.5576395302880293e-01
3,79,6.4420629547051508e-02,1.0000000000000000e+00
3,80,1.6441600978927359e-01,-1.1102230246251565e-16
3,81,2.6441139003149566e-01,1.0000000000000000e+00
3,82,3.6440677027371776e-01,-1.1102230246251565e-16
3,83,4.6440215051593986e-01,1.0000000000000000e+00
3,84,5.6439753075816190e-01,-1.1102230246251565e-16
3,85,6.6439291100038400e-01,1.0000000000000000e+00
3,86,7.6438829124260610e-01,-1.1102230246251565e-16
3,87,8.6438367148482820e-01,1.0000000000000000e+00
3,88,9.5539755789084069e-01,8.9819087696570876e-02
3,89,1.0000000000000000e+00,5.3584494577396269e-01
3,90,9.5358464207349103e-01,1.0000000000000000e+00
3,91,8.5358496210126777e-01,0.0000000000000000e+00
3,92,7.5358528212904452e-01,1.0000000000000000e+00
3,93,6.5358560215682127e-01,0.0000000000000000e+00
3,94,5.5358592218459801e-01,1.0000000000000000e+00
3,95,4.5358624221237476e-01,0.0000000000000000e+00
3,96,3.5358656224015150e-01,1.0000000000000000e+00
3,97,2.5358688226792825e-01,0.0000000000000000e+00
3,98,1.5358720229570502e-01,1.0000000000000000e+00
3,99,5.3587522323481795e-02,0.0000000000000000e+00
4,0,6.0628701905854987e-01,0.0000000000000000e+00
4,1,6.1113459380875013e-01,9.9999999999999989e-01
4,2,6.1598216855895038e-01,0.0000000000000000e+00
4,3,6.2082974330915064e-01,9.9999999999999989e-01
4,4,6.2567731805935090e-01,0.0000000000000000e+00
4,5,6.3052489280955115e-01,9.9999999999999989e-01
4,6,6.3537246755975141e-01,0.0000000000000000e+00
4,7,6.4022004230995166e-01,9.9999999999999989e-01
4,8,6.4506761706015192e-01,0.0000000000000000e+00
4,9,6.4991519181035218e-01,9.9999999999999989e-01
4,10,6.5476276656055243e-01,0.0000000000000000e+00
4,11,6.5961034131075269e-01,9.9999999999999989e-01
4,12,6.6445791606095295e-01,0.0000000000000000e+00
4,13,6.6930549081115320e-01,9.9999999999999989e-01
4,14,6.7415306556135346e-01,0.0000000000000000e+00
4,15,6.7900064031155372e-01,9.9999999999999989e-01
4,16,6.8384821506175397e-01,0.0000000000000000e+00
4,17,6.8869578981195423e-01,9.9999999999999989e-01
4,18,6.9354336456215449e-01,0.0000000000000000e+00
4,19,6.9839093931235474e-01,9.9999999999999989e-01
4,20,7.0323851406255500e-01,0.0000000000000000e+00
4,21,7.0808608881275525e-01,9.9999999999999989e-01
4,22,7.1293366356295551e-01,0.0000000000000000e+00
4,23,7.1778123831315577e-01,9.9999999999999989e-01
4,24,7.2262881306335602e-01,0.0000000000000000e+00
4,25,7.2747638781355628e-01,9.9999999999999989e-01
4,26,7.3232396256375654e-01,0.0000000000000000e+00
4,27,7.3717153731395679e-01,9.9999999999999989e-01
4,28,7.4201911206415705e-01,0.0000000000000000e+00
4,29,7.4686668681435731e-01,9.9999999999999989e-01
4,30,7.5171426156455756e-01,0.0000000000000000e+00
4,31,7.5656183631475782e-01,9.9999999999999989e-01
4,32,7.6140941106495807e-01,0.0000000000000000e+00
4,33,7.6625698581515833e-01,9.9999999999999989e-01
4,34,7.7110456056535859e-01,0.0000000000000000e+00
4,35,7.7595213531555884e-01,9.9999999999999989e-01
4,36,7.8079971006575910e-01,0.0000000000000000e+00
4,37,7.8564728481595936e-01,9.9999999999999989e-01
4,38,7.9049485956615961e-01,0.0000000000000000e+00
4,39,7.9534243431635987e-01,9.9999999999999989e-01
4,40,8.0019000906656013e-01,0.0000000000000000e+00
4,41,8.0503758381676038e-01,9.9999999999999989e-01
4,42,8.0988515856696064e-01,0.0000000000000000e+00
4,43,8.1473273331716090e-01,9.9999999999999989e-01
4,44,8.1958030806736115e-01,0.0000000000000000e+00
4,45,8.2442788281756141e-01,9.9999999999999989e-01
4,46,8.2927545756776166e-01,0.0000000000000000e+00
4,47,8.3412303231796192e-01,9.9999999999999989e-01
4,48,8.3897060706816218e-01,0.0000000000000000e+00
4,49,8.4381818181836243e-01,9.9999999999999989e-01
4,50,8.4866575656856269e-01,0.0000000000000000e+00
4,51,8.5351333131876295e-01,9.9999999999999989e-01
4,52,8.5836090606896320e-01,0.0000000000000000e+00
4,53,8.6320848081916346e-01,9.9999999999999989e-01
4,54,8.6805605556936372e-01,0.0000000000000000e+00
4,55,8.7290363031956397e-01,9.9999999999999989e-01
4,56,8.7775120506976423e-01,0.0000000000000000e+00
4,57,8.8259877981996449e-01,9.9999999999999989e-01
4,58,8.8744635457016474e-01,0.0000000000000000e+00
4,59,8.9229392932036500e-01,9.9999999999999989e-01
4,60,8.9714150407056525e-01,0.0000000000000000e+00
4,61,9.0198907882076551e-01,9.9999999999999989e-01
4,62,9.0683665357096577e-01,0.0000000000000000e+00
4,63,9.1168422832116602e-01,9.9999999999999989e-01
4,64,9.1653180307136628e-01,0.0000000000000000e+00
4,65,9.2137937782156654e-01,9.9999999999999989e-01
4,66,9.2622695257176679e-01,0.0000000000000000e+00
4,67,9.3107452732196705e-01,9.9999999999999989e-01
4,68,9.3592210207216731e-01,0.0000000000000000e+00
4,69,9.4076967682236756e-01,9.9999999999999989e-01
4,70,9.4546277776822474e-01,3.1866203647977764e-02
4,71,1.0000000000000000e+00,6.5038727706656163e-01
4,72,9.6917339027980187e-01,1.0000000000000000e+00
4,73,8.8099980085571061e-01,1.1102230246251565e-16
4,74,7.9282621143161935e-01,1.0000000000000000e+00
4,75,7.0465262200752810e-01,1.1102230246251565e-16
4,76,6.1647903258343684e-01,1.0000000000000000e+00
4,77,5.2830544315934558e-01,1.1102230246251565e-16
4,78,4.4013185373525426e-01,1.0000000000000000e+00
4,79,3.5195826431116295e-01,1.1102230246251565e-16
4,80,2.6378467488707164e-01,1.0000000000000000e+00
4,81,1.7561108546298032e-01,1.1102230246251565e-16
4,82,8.7437496038889020e-02,1.0000000000000000e+00
4,83,1.4849304261566262e-02,1.7675811694839338e-01
4,84,3.2511975142941386e-02,0.0000000000000000e+00
4,85,1.3243762587834082e-01,9.9999999999999989e-01
4,86,2.3236327661374023e-01,0.0000000000000000e+00
4,87,3.3228892734913967e-01,9.9999999999999989e-01
4,88,4.3221457808453911e-01,0.0000000000000000e+00
4,89,5.3214022881993850e-01,9.9999999999999989e-01
4,90,6.3206587955533788e-01,0.0000000000000000e+00
4,91,7.3199153029073727e-01,9.9999999999999989e-01
4,92,8.3191718102613665e-01,0.0000000000000000e+00
4,93,9.3184283176153604e-01,9.9999999999999989e-01
4,94,9.9797492195024007e-01,3.3818704470973404e-01
4,95,1.0000000000000000e+00,3.5843887832674221e-01
4,96,9.3584719126780680e-01,1.0000000000000000e+00
4,97,8.3585234198404212e-01,0.0000000000000000e+00
4,98,7.3585749270027745e-01,1.0000000000000000e+00
4,99,6.3586264341651277e-01,0.0000000000000000e+00
5,0,3.3201369475548592e-01,0.0000000000000000e+00
5,1,3.2041550886201564e-01,9.9999999999999989e-01
5,2,3.0881732296854536e-01,0.0000000000000000e+00
5,3,2.9721913707507508e-01,9.9999999999999989e-01
5,4,2.8562095118160480e-01,0.0000000000000000e+00
5,5,2.7402276528813452e-01,9.9999999999999989e-01
5,6,2.6242457939466424e-01,0.0000000000000000e+00
5,7,2.5082639350119396e-01,9.9999999999999989e-01
5,8,2.3922820760772368e-01,0.0000000000000000e+00
5,9,2.2763002171425339e-01,9.9999999999999989e-01
5,10,2.1603183582078311e-01,0.0000000000000000e+00
5,11,2.0443364992731283e-01,9.9999999999999989e-01
5,12,1.9283546403384255e-01,0.0000000000000000e+00
5,13,1.8123727814037227e-01,9.9999999999999989e-01
5,14,1.6963909224690199e-01,0.0000000000000000e+00
5,15,1.5804090635343171e-01,9.9999999999999989e-01
5,16,1.4644272045996143e-01,0.0000000000000000e+00
5,17,1.3484453456649115e-01,9.9999999999999989e-01
5,18,1.2324634867302085e-01,0.0000000000000000e+00
5,19,1.1164816277955056e-01,9.9999999999999989e-01
5,20,1.0004997688608026e-01,0.0000000000000000e+00
5,21,8.8451790992609969e-02,9.9999999999999989e-01
5,22,7.6853605099139674e-02,0.0000000000000000e+00
5,23,6.5255419205669379e-02,9.9999999999999989e-01
5,24,5.3657233312199085e-02,0.0000000000000000e+00
5,25,4.2059047418728790e-02,9.9999999999999989e-01
5,26,3.0460861525258495e-02,0.0000000000000000e+00
5,27,1.8862675631788201e-02,9.9999999999999989e-01
5,28,9.9742212894085944e-03,2.3363408495689963e-01
5,29,3.3119632719962183e-02,0.0000000000000000e+00
5,30,1.3218655785150252e-01,1.0000000000000000e+00
5,31,2.3125348298304285e-01,0.0000000000000000e+00
5,32,3.3032040811458319e-01,1.0000000000000000e+00
5,33,4.2938733324612355e-01,0.0000000000000000e+00
5,34,5.2845425837766391e-01,1.0000000000000000e+00
5,35,6.2752118350920427e-01,0.0000000000000000e+00
5,36,7.2658810864074463e-01,1.0000000000000000e+00
5,37,8.2565503377228500e-01,0.0000000000000000e+00
5,38,9.2472195890382536e-01,1.0000000000000000e+00
5,39,9.9310184039727367e-01,3.0976073565076301e-01
5,40,1.0000000000000000e+00,3.7878713927107271e-01
5,41,9.3791902913060721e-01,1.0000000000000000e+00
5,42,8.3798392840769798e-01,0.0000000000000000e+00
5,43,7.3804882768478874e-01,1.0000000000000000e+00
5,44,6.3811372696187951e-01,0.0000000000000000e+00
5,45,5.3817862623897028e-01,1.0000000000000000e+00
5,46,4.3824352551606111e-01,0.0000000000000000e+00
5,47,3.3830842479315193e-01,1.0000000000000000e+00
5,48,2.3837332407024275e-01,0.0000000000000000e+00
5,49,1.3843822334733358e-01,1.0000000000000000e+00
5,50,3.8503122624424388e-02,0.0000000000000000e+00
5,51,0.0000000000000000e+00,3.8528127161861048e-01
5,52,6.1431979098484787e-02,1.0000000000000000e+00
5,53,1.6136707982139398e-01,0.0000000000000000e+00
5,54,2.6130218054430315e-01,1.0000000000000000e+00
5,55,3.6123728126721233e-01,0.0000000000000000e+00
5,56,4.6117238199012150e-01,1.0000000000000000e+00
5,57,5.6110748271303068e-01,0.0000000000000000e+00
5,58,6.6104258343593991e-01,1.0000000000000000e+00
5,59,7.6097768415884914e-01,0.0000000000000000e+00
5,60,8.6091278488175838e-01,1.0000000000000000e+00
5,61,9.5317023467755568e-01,7.6826368952408020e-02
5,62,1.0000000000000000e+00,5.4514508669078576e-01
5,63,9.5451655258791168e-01,1.0000000000000000e+00
5,64,8.5452104844858434e-01,0.0000000000000000e+00
5,65,7.5452554430925700e-01,1.0000000000000000e+00
5,66,6.5453004016992966e-01,0.0000000000000000e+00
5,67,5.5453453603060232e-01,1.0000000000000000e+00
5,68,4.5453903189127498e-01,0.0000000000000000e+00
5,69,3.5454352775194764e-01,1.0000000000000000e+00
5,70,2.5454802361262030e-01,0.0000000000000000e+00
5,71,1.5455251947329296e-01,1.0000000000000000e+00
5,72,5.4557015333965633e-02,0.0000000000000000e+00
5,73,-6.9388939039072284e-18,5.4559468297082514e-01
5,74,4.5438489805361679e-02,1.0000000000000000e+00
5,75,1.4543399394468901e-01,0.0000000000000000e+00
5,76,2.4542949808401632e-01,1.0000000000000000e+00
5,77,3.4542500222334366e-01,0.0000000000000000e+00
5,78,4.4542050636267100e-01,1.0000000000000000e+00
5,79,5.4541601050199828e-01,0.0000000000000000e+00
5,80,6.4541151464132562e-01,1.0000000000000000e+00
5,81,7.4540701878065296e-01,0.0000000000000000e+00
5,82,8.4540252291998030e-01,1.0000000000000000e+00
5,83,9.4340933671794880e-01,1.9887797521368489e-02
5,84,1.0000000000000000e+00,5.8579620230749851e-01
5,85,9.5857974819197611e-01,1.0000000000000000e+00
5,86,8.5858005963925699e-01,-1.1102230246251565e-16
5,87,7.5858037108653786e-01,1.0000000000000000e+00
5,88,6.5858068253381874e-01,-1.1102230246251565e-16
5,89,5.5858099398109962e-01,1.0000000000000000e+00
5,90,4.5858130542838044e-01,-1.1102230246251565e-16
5,91,3.5858161687566126e-01,1.0000000000000000e+00
5,92,2.5858192832294208e-01,-1.1102230246251565e-16
5,93,1.5858223977022290e-01,1.0000000000000000e+00
5,94,5.8582551217503734e-02,-1.1102230246251565e-16
5,95,6.9388939039072284e-18,5.8582733713252044e-01
5,96,4.1417138335215452e-02,1.0000000000000000e+00
5,97,1.4141682688793461e-01,-1.1102230246251565e-16
5,98,2.4141651544065379e-01,1.0000000000000000e+00
5,99,3.4141620399337297e-01,-1.1102230246251565e-16
6,0,4.1461132947684415e-01,-1.1102230246251565e-16
6,1,4.0845317629466910e-01,1.0000000000000000e+00
6,2,4.0229502311249404e-01,1.1102230246251565e-16
6,3,3.9613686993031899e-01,1.0000000000000000e+00
6,4,3.8997871674814394e-01,1.1102230246251565e-16
6,5,3.8382056356596889e-01,1.0000000000000000e+00
6,6,3.7766241038379383e-01,1.1102230246251565e-16
6,7,3.7150425720161878e-01,1.0000000000000000e+00
6,8,3.6534610401944373e-01,1.1102230246251565e-16
6,9,3.5918795083726868e-01,1.0000000000000000e+00
6,10,3.5302979765509362e-01,1.1102230246251565e-16
6,11,3.4687164447291857e-01,1.0000000000000000e+00
6,12,3.4071349129074352e-01,1.1102230246251565e-16
6,13,3.3455533810856847e-01,1.0000000000000000e+00
6,14,3.2839718492639342e-01,1.1102230246251565e-16
6,15,3.2223903174421836e-01,1.0000000000000000e+00
6,16,3.1608087856204331e-01,1.1102230246251565e-16
6,17,3.0992272537986826e-01,1.0000000000000000e+00
6,18,3.0376457219769321e-01,1.1102230246251565e-16
6,19,2.9760641901551815e-01,1.0000000000000000e+00
6,20,2.9144826583334310e-01,1.1102230246251565e-16
6,21,2.8529011265116805e-01,1.0000000000000000e+00
6,22,2.7913195946899300e-01,1.1102230246251565e-16
6,23,2.7297380628681794e-01,1.0000000000000000e+00
6,24,2.6681565310464289e-01,1.1102230246251565e-16
6,25,2.6065749992246784e-01,1.0000000000000000e+00
6,26,2.5449934674029279e-01,1.1102230246251565e-16
6,27,2.4834119355811773e-01,1.0000000000000000e+00
6,28,2.4218304037594268e-01,1.1102230246251565e-16
6,29,2.3602488719376763e-01,1.0000000000000000e+00
6,30,2.2986673401159258e-01,1.1102230246251565e-16
6,31,2.2370858082941752e-01,1.0000000000000000e+00
6,32,2.1755042764724247e-01,1.1102230246251565e-16
6,33,2.1139227446506742e-01,1.0000000000000000e+00
6,34,2.0523412128289237e-01,1.1102230246251565e-16
6,35,1.9907596810071732e-01,1.0000000000000000e+00
6,36,1.9291781491854226e-01,1.1102230246251565e-16
6,37,1.8675966173636721e-01,1.0000000000000000e+00
6,38,1.8060150855419216e-01,1.1102230246251565e-16
6,39,1.7444335537201711e-01,1.0000000000000000e+00
6,40,1.6828520218984205e-01,1.1102230246251565e-16
6,41,1.6212704900766700e-01,1.0000000000000000e+00
6,42,1.5596889582549195e-01,1.1102230246251565e-16
6,43,1.4981074264331690e-01,1.0000000000000000e+00
6,44,1.4365258946114184e-01,1.1102230246251565e-16
6,45,1.3749443627896679e-01,1.0000000000000000e+00
6,46,1.3133628309679174e-01,1.1102230246251565e-16
6,47,1.2517812991461669e-01,1.0000000000000000e+00
6,48,1.1901997673244163e-01,1.1102230246251565e-16
6,49,1.1286182355026658e-01,1.0000000000000000e+00
6,50,1.0670367036809153e-01,1.1102230246251565e-16
6,51,1.0054551718591648e-01,1.0000000000000000e+00
6,52,9.4387364003741425e-02,1.1102230246251565e-16
6,53,8.8229210821566373e-02,1.0000000000000000e+00
6,54,8.2071057639391320e-02,1.1102230246251565e-16
6,55,7.5912904457216268e-02,1.0000000000000000e+00
6,56,6.9754751275041216e-02,1.1102230246251565e-16
6,57,6.3596598092866163e-02,1.0000000000000000e+00
6,58,5.7438444910691111e-02,1.1102230246251565e-16
6,59,5.1280291728516059e-02,1.0000000000000000e+00
6,60,4.5122138546341006e-02,1.1102230246251565e-16
6,61,3.8963985364165954e-02,1.0000000000000000e+00
6,62,3.2805832181990902e-02,1.1102230246251565e-16
6,63,2.6647678999815853e-02,1.0000000000000000e+00
6,64,2.1127007064554629e-02,1.0351825091352918e-01
6,65,3.1371102907232939e-02,0.0000000000000000e+00
6,66,1.3033041430627718e-01,1.0000000000000002e+00
6,67,2.2928972570532147e-01,-1.1102230246251565e-16
6,68,3.2824903710436570e-01,1.0000000000000000e+00
6,69,4.2720834850340994e-01,-1.1102230246251565e-16
6,70,5.2616765990245418e-01,1.0000000000000000e+00
6,71,6.2512697130149841e-01,-1.1102230246251565e-16
6,72,7.2408628270054265e-01,1.0000000000000000e+00
6,73,8.2304559409958689e-01,-1.1102230246251565e-16
6,74,9.2200490549863112e-01,1.0000000000000000e+00
6,75,9.9133210811584538e-01,2.9943729734243130e-01
6,76,1.0000000000000000e+00,3.8617904508628209e-01
6,77,9.3866235677849819e-01,1.0000000000000000e+00
6,78,8.3873477745891278e-01,-1.1102230246251565e-16
6,79,7.3880719813932738e-01,1.0000000000000000e+00
6,80,6.3887961881974198e-01,-1.1102230246251565e-16
6,81,5.3895203950015658e-01,1.0000000000000000e+00
6,82,4.3902446018057117e-01,-1.1102230246251565e-16
6,83,3.3909688086098577e-01,1.0000000000000000e+00
6,84,2.3916930154140037e-01,-1.1102230246251565e-16
6,85,1.3924172222181497e-01,1.0000000000000000e+00
6,86,3.9314142902229551e-02,-1.1102230246251565e-16
6,87,6.9388939039072284e-18,3.9342635166923895e-01
6,88,6.0613437417355871e-02,1.0000000000000000e+00
6,89,1.6054101673694129e-01,-1.1102230246251565e-16
6,90,2.6046859605652672e-01,1.0000000000000000e+00
6,91,3.6039617537611213e-01,-1.1102230246251565e-16
6,92,4.6032375469569753e-01,1.0000000000000000e+00
6,93,5.6025133401528293e-01,-1.1102230246251565e-16
6,94,6.6017891333486833e-01,1.0000000000000000e+00
6,95,7.6010649265445374e-01,-1.1102230246251565e-16
6,96,8.6003407197403914e-01,1.0000000000000000e+00
6,97,9.5261072341248354e-01,7.3562553239487460e-02
6,98,1.0000000000000000e+00,5.4747910537452515e-01
6,99,9.5475017981962496e-01,1.0000000000000000e+00
7,0,2.9946638811905041e-01,0.0000000000000000e+00
7,1,2.8998138841611965e-01,1.0000000000000002e+00
7,2,2.8049638871318888e-01,-1.1102230246251565e-16
7,3,2.7101138901025812e-01,1.0000000000000000e+00
7,4,2.6152638930732736e-01,1.1102230246251565e-16
7,5,2.5204138960439659e-01,1.0000000000000000e+00
7,6,2.4255638990146583e-01,1.1102230246251565e-16
7,7,2.3307139019853507e-01,1.0000000000000000e+00
7,8,2.2358639049560430e-01,1.1102230246251565e-16
7,9,2.1410139079267354e-01,1.0000000000000000e+00
7,10,2.0461639108974278e-01,1.1102230246251565e-16
7,11,1.9513139138681201e-01,1.0000000000000000e+00
7,12,1.8564639168388125e-01,1.1102230246251565e-16
7,13,1.7616139198095049e-01,1.0000000000000000e+00
7,14,1.6667639227801972e-01,1.1102230246251565e-16
7,15,1.5719139257508896e-01,1.0000000000000000e+00
7,16,1.4770639287215820e-01,1.1102230246251565e-16
7,17,1.3822139316922744e-01,1.0000000000000000e+00
7,18,1.2873639346629667e-01,1.1102230246251565e-16
7,19,1.1925139376336590e-01,1.0000000000000000e+00
7,20,1.0976639406043512e-01,1.1102230246251565e-16
7,21,1.0028139435750434e-01,1.0000000000000000e+00
7,22,9.0796394654573565e-02,1.1102230246251565e-16
7,23,8.1311394951642788e-02,1.0000000000000000e+00
7,24,7.1826395248712011e-02,1.1102230246251565e-16
7,25,6.2341395545781234e-02,1.0000000000000000e+00
7,26,5.2856395842850457e-02,1.1102230246251565e-16
7,27,4.3371396139919680e-02,1.0000000000000000e+00
7,28,3.3886396436988903e-02,1.1102230246251565e-16
7,29,2.4401396734058129e-02,1.0000000000000000e+00
7,30,1.6419223120427213e-02,1.5844239692834916e-01
7,31,3.2109200994314607e-02,2.7755575615628914e-17
7,32,1.3113558002901915e-01,1.0000000000000000e+00
7,33,2.3016195906372372e-01,-1.1102230246251565e-16
7,34,3.2918833809842829e-01,1.0000000000000000e+00
7,35,4.2821471713313286e-01,-1.1102230246251565e-16
7,36,5.2724109616783743e-01,1.0000000000000000e+00
7,37,6.2626747520254200e-01,-1.1102230246251565e-16
7,38,7.2529385423724657e-01,1.0000000000000000e+00
7,39,8.2432023327195114e-01,-1.1102230246251565e-16
7,40,9.2334661230665571e-01,1.0000000000000000e+00
7,41,9.9221233407112108e-01,3.0457194874820648e-01
7,42,1.0000000000000000e+00,3.8250140136412769e-01
7,43,9.3829196365071321e-01,1.0000000000000000e+00
7,44,8.3835969591132209e-01,-1.1102230246251565e-16
7,45,7.3842742817193097e-01,1.0000000000000000e+00
7,46,6.3849516043253984e-01,-1.1102230246251565e-16
7,47,5.3856289269314872e-01,1.0000000000000000e+00
7,48,4.3863062495375754e-01,-1.1102230246251565e-16
7,49,3.3869835721436636e-01,1.0000000000000000e+00
7,50,2.3876608947497518e-01,-1.1102230246251565e-16
7,51,1.3883382173558401e-01,1.0000000000000000e+00
7,52,3.8901553996192842e-02,-1.1102230246251565e-16
7,53,0.0000000000000000e+00,3.8927920818001599e-01
7,54,6.1030714743198315e-02,1.0000000000000000e+00
7,55,1.6096298248258947e-01,-1.1102230246251565e-16
7,56,2.6089525022198062e-01,1.0000000000000000e+00
7,57,3.6082751796137180e-01,-1.1102230246251565e-16
7,58,4.6075978570076298e-01,1.0000000000000000e+00
7,59,5.6069205344015416e-01,-1.1102230246251565e-16
7,60,6.6062432117954528e-01,1.0000000000000000e+00
7,61,7.6055658891893640e-01,-1.1102230246251565e-16
7,62,8.6048885665832753e-01,1.0000000000000000e+00
7,63,9.5290077150376884e-01,7.5254500438651895e-02
7,64,1.0000000000000000e+00,5.4626889575986437e-01
7,65,9.5462901751491569e-01,1.0000000000000000e+00
7,66,8.5463370968673347e-01,1.1102230246251565e-16
7,67,7.5463840185855124e-01,1.0000000000000000e+00
7,68,6.5464309403036902e-01,1.1102230246251565e-16
7,69,5.5464778620218680e-01,1.0000000000000000e+00
7,70,4.5465247837400458e-01,1.1102230246251565e-16
7,71,3.5465717054582235e-01,1.0000000000000000e+00
7,72,2.5466186271764013e-01,1.1102230246251565e-16
7,73,1.5466655488945791e-01,1.0000000000000000e+00
7,74,5.4671247061275671e-02,1.1102230246251565e-16
7,75,0.0000000000000000e+00,5.4673812495821361e-01
7,76,4.5324061766906565e-02,1.0000000000000000e+00
7,77,1.4531936959508879e-01,1.1102230246251565e-16
7,78,2.4531467742327101e-01,1.0000000000000000e+00
7,79,3.4530998525145323e-01,1.1102230246251565e-16
7,80,4.4530529307963546e-01,1.0000000000000000e+00
7,81,5.4530060090781773e-01,1.1102230246251565e-16
7,82,6.4529590873599996e-01,1.0000000000000000e+00
7,83,7.4529121656418218e-01,1.1102230246251565e-16
7,84,8.4528652439236440e-01,1.0000000000000000e+00
7,85,9.4333595170122675e-01,1.9459718257156200e-02
7,86,1.0000000000000000e+00,5.8610205253363845e-01
7,87,9.5861033874652890e-01,1.0000000000000000e+00
7,88,8.5861066378934570e-01,-1.1102230246251565e-16
7,89,7.5861098883216249e-01,1.0000000000000000e+00
7,90,6.5861131387497929e-01,-1.1102230246251565e-16
7,91,5.5861163891779608e-01,1.0000000000000000e+00
7,92,4.5861196396061288e-01,-1.1102230246251565e-16
7,93,3.5861228900342967e-01,1.0000000000000000e+00
7,94,2.5861261404624647e-01,-1.1102230246251565e-16
7,95,1.5861293908906327e-01,1.0000000000000000e+00
7,96,5.8613264131880061e-02,-1.1102230246251565e-16
7,97,0.0000000000000000e+00,5.8613454692090616e-01
7,98,4.1386411825303143e-02,1.0000000000000000e+00
7,99,1.4138608678248635e-01,-1.1102230246251565e-16
8,0,6.7679832501697545e-01,-1.1102230246251565e-16
8,1,6.6329854133682453e-01,1.0000000000000000e+00
8,2,6.4979875765667361e-01,-1.1102230246251565e-16
8,3,6.3629897397652269e-01,1.0000000000000000e+00
8,4,6.2279919029637176e-01,-1.1102230246251565e-16
8,5,6.0929940661622084e-01,1.0000000000000000e+00
8,6,5.9579962293606992e-01,-1.1102230246251565e-16
8,7,5.8229983925591899e-01,1.0000000000000000e+00
8,8,5.6880005557576807e-01,-1.1102230246251565e-16
8,9,5.5530027189561715e-01,1.0000000000000000e+00
8,10,5.4180048821546622e-01,-1.1102230246251565e-16
8,11,5.2830070453531530e-01,1.0000000000000000e+00
8,12,5.1480092085516438e-01,-1.1102230246251565e-16
8,13,5.0130113717501346e-01,1.0000000000000000e+00
8,14,4.8780135349486253e-01,-1.1102230246251565e-16
8,15,4.7430156981471161e-01,1.0000000000000000e+00
8,16,4.6080178613456069e-01,-1.1102230246251565e-16
8,17,4.4730200245440976e-01,1.0000000000000000e+00
8,18,4.3380221877425884e-01,-1.1102230246251565e-16
8,19,4.2030243509410792e-01,1.0000000000000000e+00
8,20,4.0680265141395699e-01,-1.1102230246251565e-16
8,21,3.9330286773380607e-01,1.0000000000000000e+00
8,22,3.7980308405365515e-01,-1.1102230246251565e-16
8,23,3.6630330037350423e-01,1.0000000000000000e+00
8,24,3.5280351669335330e-01,-1.1102230246251565e-16
8,25,3.3930373301320238e-01,1.0000000000000000e+00
8,26,3.2580394933305146e-01,-1.1102230246251565e-16
8,27,3.1230416565290053e-01,1.0000000000000000e+00
8,28,2.9880438197274961e-01,-1.1102230246251565e-16
8,29,2.8530459829259869e-01,1.0000000000000000e+00
8,30,2.7180481461244776e-01,-1.1102230246251565e-16
8,31,2.5830503093229684e-01,1.0000000000000000e+00
8,32,2.4480524725214592e-01,-1.1102230246251565e-16
8,33,2.3130546357199500e-01,1.0000000000000000e+00
8,34,2.1780567989184407e-01,-1.1102230246251565e-16
8,35,2.0430589621169315e-01,1.0000000000000000e+00
8,36,1.9080611253154223e-01,-1.1102230246251565e-16
8,37,1.7730632885139130e-01,1.0000000000000000e+00
8,38,1.6380654517124038e-01,-1.1102230246251565e-16
8,39,1.5030676149108946e-01,1.0000000000000000e+00
8,40,1.3680697781093853e-01,-1.1102230246251565e-16
8,41,1.2330719413078761e-01,1.0000000000000000e+00
8,42,1.0980741045063669e-01,-1.1102230246251565e-16
8,43,9.6307626770485766e-02,1.0000000000000000e+00
8,44,8.2807843090334843e-02,-1.1102230246251565e-16
8,45,6.9308059410183920e-02,1.0000000000000000e+00
8,46,5.5808275730032997e-02,-1.1102230246251565e-16
8,47,4.2308492049882074e-02,1.0000000000000000e+00
8,48,2.8970804123092109e-02,1.2007285230592135e-02
8,49,3.0160752721663457e-02,1.7347234759768071e-18
8,50,1.2926288694427454e-01,9.9999999999999989e-01
8,51,2.2836502116688562e-01,0.0000000000000000e+00
8,52,3.2746715538949667e-01,9.9999999999999989e-01
8,53,4.2656928961210772e-01,0.0000000000000000e+00
8,54,5.2567142383471877e-01,9.9999999999999989e-01
8,55,6.2477355805732981e-01,0.0000000000000000e+00
8,56,7.2387569227994086e-01,9.9999999999999989e-01
8,57,8.2297782650255191e-01,0.0000000000000000e+00
8,58,9.2207996072516296e-01,9.9999999999999989e-01
8,59,9.9144307195694703e-01,3.0008458641552427e-01
8,60,1.0000000000000000e+00,3.8570733968814525e-01
8,61,9.3860908938090581e-01,1.0000000000000000e+00
8,62,8.3867152944565071e-01,1.1102230246251565e-16
8,63,7.3873396951039560e-01,1.0000000000000000e+00
8,64,6.3879640957514050e-01,1.1102230246251565e-16
8,65,5.3885884963988540e-01,1.0000000000000000e+00
8,66,4.3892128970463029e-01,1.1102230246251565e-16
8,67,3.3898372976937519e-01,1.0000000000000000e+00
8,68,2.3904616983412008e-01,1.1102230246251565e-16
8,69,1.3910860989886498e-01,1.0000000000000000e+00
8,70,3.9171049963609886e-02,1.1102230246251565e-16
8,71,0.0000000000000000e+00,3.9195523734773502e-01
8,72,6.0766510971645205e-02,1.0000000000000000e+00
8,73,1.6070407090690031e-01,1.1102230246251565e-16
8,74,2.6064163084215541e-01,1.0000000000000000e+00
8,75,3.6057919077741052e-01,1.1102230246251565e-16
8,76,4.6051675071266562e-01,1.0000000000000000e+00
8,77,5.6045431064792073e-01,1.1102230246251565e-16
8,78,6.6039187058317583e-01,1.0000000000000000e+00
8,79,7.6032943051843094e-01,1.1102230246251565e-16
8,80,8.6026699045368604e-01,1.0000000000000000e+00
8,81,9.5276370485458051e-01,7.4454944985053007e-02
8,82,1.0000000000000000e+00,5.4683833871912535e-01
8,83,9.5468579295658229e-01,1.0000000000000000e+00
8,84,8.5469011841072229e-01,0.0000000000000000e+00
8,85,7.5469444386486229e-01,1.0000000000000000e+00
8,86,6.5469876931900228e-01,0.0000000000000000e+00
8,87,5.5470309477314228e-01,1.0000000000000000e+00
8,88,4.5470742022728233e-01,0.0000000000000000e+00
8,89,3.5471174568142239e-01,1.0000000000000000e+00
8,90,2.5471607113556244e-01,0.0000000000000000e+00
8,91,1.5472039658970249e-01,1.0000000000000000e+00
8,92,5.4724722043842530e-02,0.0000000000000000e+00
8,93,0.0000000000000000e+00,5.4727089284262653e-01
8,94,4.5270953502017423e-02,1.0000000000000000e+00
8,95,1.4526662804787738e-01,0.0000000000000000e+00
8,96,2.4526230259373732e-01,1.0000000000000000e+00
8,97,3.4525797713959727e-01,0.0000000000000000e+00
8,98,4.4525365168545722e-01,1.0000000000000000e+00
8,99,5.4524932623131717e-01,0.0000000000000000e+00
9,0,4.8548133491902801e-01,-1.1102230246251565e-16
9,1,4.8777932370409038e-01,1.0000000000000002e+00
9,2,4.9007731248915276e-01,0.0000000000000000e+00
9,3,4.9237530127421514e-01,1.0000000000000000e+00
9,4,4.9467329005927752e-01,0.0000000000000000e+00
9,5,4.9697127884433989e-01,1.0000000000000000e+00
9,6,4.9926926762940227e-01,0.0000000000000000e+00
9,7,5.0156725641446465e-01,1.0000000000000000e+00
9,8,5.0386524519952702e-01,0.0000000000000000e+00
9,9,5.0616323398458940e-01,1.0000000000000000e+00
9,10,5.0846122276965178e-01,0.0000000000000000e+00
9,11,5.1075921155471415e-01,1.0000000000000000e+00
9,12,5.1305720033977653e-01,0.0000000000000000e+00
9,13,5.1535518912483891e-01,1.0000000000000000e+00
9,14,5.1765317790990129e-01,0.0000000000000000e+00
9,15,5.1995116669496366e-01,1.0000000000000000e+00
9,16,5.2224915548002604e-01,0.0000000000000000e+00
9,17,5.2454714426508842e-01,1.0000000000000000e+00
9,18,5.2684513305015079e-01,0.0000000000000000e+00
9,19,5.2914312183521317e-01,1.0000000000000000e+00
9,20,5.3144111062027555e-01,0.0000000000000000e+00
9,21,5.3373909940533792e-01,1.0000000000000000e+00
9,22,5.3603708819040030e-01,0.0000000000000000e+00
9,23,5.3833507697546268e-01,1.0000000000000000e+00
9,24,5.4063306576052506e-01,0.0000000000000000e+00
9,25,5.4293105454558743e-01,1.0000000000000000e+00
9,26,5.4522904333064981e-01,0.0000000000000000e+00
9,27,5.4752703211571219e-01,1.0000000000000000e+00
9,28,5.4982502090077456e-01,0.0000000000000000e+00
9,29,5.5212300968583694e-01,1.0000000000000000e+00
9,30,5.5442099847089932e-01,0.0000000000000000e+00
9,31,5.5671898725596169e-01,1.0000000000000000e+00
9,32,5.5901697604102407e-01,0.0000000000000000e+00
9,33,5.6131496482608645e-01,1.0000000000000000e+00
9,34,5.6361295361114883e-01,0.0000000000000000e+00
9,35,5.6591094239621120e-01,1.0000000000000000e+00
9,36,5.6820893118127358e-01,0.0000000000000000e+00
9,37,5.7050691996633596e-01,1.0000000000000000e+00
9,38,5.7280490875139833e-01,0.0000000000000000e+00
9,39,5.7510289753646071e-01,1.0000000000000000e+00
9,40,5.7740088632152309e-01,0.0000000000000000e+00
9,41,5.7969887510658547e-01,1.0000000000000000e+00
9,42,5.8199686389164784e-01,0.0000000000000000e+00
9,43,5.8429485267671022e-01,1.0000000000000000e+00
9,44,5.8659284146177260e-01,0.0000000000000000e+00
9,45,5.8889083024683497e-01,1.0000000000000000e+00
9,46,5.9118881903189735e-01,0.0000000000000000e+00
9,47,5.9348680781695973e-01,1.0000000000000000e+00
9,48,5.9578479660202210e-01,0.0000000000000000e+00
9,49,5.9808278538708448e-01,1.0000000000000000e+00
9,50,6.0038077417214686e-01,0.0000000000000000e+00
9,51,6.0267876295720924e-01,1.0000000000000000e+00
9,52,6.0497675174227161e-01,0.0000000000000000e+00
9,53,6.0727474052733399e-01,1.0000000000000000e+00
9,54,6.0957272931239637e-01,0.0000000000000000e+00
9,55,6.1187071809745874e-01,1.0000000000000000e+00
9,56,6.1416870688252112e-01,0.0000000000000000e+00
9,57,6.1646669566758350e-01,1.0000000000000000e+00
9,58,6.1876468445264587e-01,0.0000000000000000e+00
9,59,6.2106267323770825e-01,1.0000000000000000e+00
9,60,6.2336066202277063e-01,0.0000000000000000e+00
9,61,6.2565865080783301e-01,1.0000000000000000e+00
9,62,6.2795663959289538e-01,0.0000000000000000e+00
9,63,6.3025462837795776e-01,1.0000000000000000e+00
9,64,6.3255261716302014e-01,0.0000000000000000e+00
9,65,6.3485060594808251e-01,1.0000000000000000e+00
9,66,6.3714859473314489e-01,0.0000000000000000e+00
9,67,6.3944658351820727e-01,1.0000000000000000e+00
9,68,6.4174457230326964e-01,0.0000000000000000e+00
9,69,6.4404256108833202e-01,1.0000000000000000e+00
9,70,6.4634054987339440e-01,0.0000000000000000e+00
9,71,6.4863853865845678e-01,1.0000000000000000e+00
9,72,6.5093652744351915e-01,0.0000000000000000e+00
9,73,6.5323451622858153e-01,1.0000000000000000e+00
9,74,6.5553250501364391e-01,0.0000000000000000e+00
9,75,6.5783049379870628e-01,1.0000000000000000e+00
9,76,6.6012848258376866e-01,0.0000000000000000e+00
9,77,6.6242647136883104e-01,1.0000000000000000e+00
9,78,6.6472446015389342e-01,0.0000000000000000e+00
9,79,6.6702244893895579e-01,1.0000000000000000e+00
9,80,6.6932043772401817e-01,0.0000000000000000e+00
9,81,6.7161842650908055e-01,1.0000000000000000e+00
9,82,6.7391641529414292e-01,0.0000000000000000e+00
9,83,6.7621440407920530e-01,1.0000000000000000e+00
9,84,6.7851239286426768e-01,0.0000000000000000e+00
9,85,6.8081038164933005e-01,1.0000000000000000e+00
9,86,6.8310837043439243e-01,0.0000000000000000e+00
9,87,6.8540635921945481e-01,1.0000000000000000e+00
9,88,6.8770434800451719e-01,0.0000000000000000e+00
9,89,6.9000233678957956e-01,1.0000000000000000e+00
9,90,6.9230032557464194e-01,0.0000000000000000e+00
9,91,6.9459831435970432e-01,1.0000000000000000e+00
9,92,6.9689630314476669e-01,0.0000000000000000e+00
9,93,6.9919429192982907e-01,1.0000000000000000e+00
9,94,7.0149228071489145e-01,0.0000000000000000e+00
9,95,7.0379026949995382e-01,1.0000000000000000e+00
9,96,7.0608825828501620e-01,0.0000000000000000e+00
9,97,7.0838624707007858e-01,1.0000000000000000e+00
9,98,7.1068423585514096e-01,0.0000000000000000e+00
9,99,7.1298222464020333e-01,1.0000000000000000e+00
10,0,3.4966782081433839e-01,-1.1102230246251565e-16
10,1,3.5558724269671449e-01,1.0000000000000000e+00
10,2,3.6150666457909059e-01,-1.1102230246251565e-16
10,3,3.6742608646146668e-01,1.0000000000000000e+00
10,4,3.7334550834384278e-01,-1.1102230246251565e-16
10,5,3.7926493022621888e-01,1.0000000000000000e+00
10,6,3.8518435210859497e-01,-1.1102230246251565e-16
10,7,3.9110377399097107e-01,1.0000000000000000e+00
10,8,3.9702319587334717e-01,-1.1102230246251565e-16
10,9,4.0294261775572326e-01,1.0000000000000000e+00
10,10,4.0886203963809936e-01,-1.1102230246251565e-16
10,11,4.1478146152047546e-01,1.0000000000000000e+00
10,12,4.2070088340285156e-01,-1.1102230246251565e-16
10,13,4.2662030528522765e-01,1.0000000000000000e+00
10,14,4.3253972716760375e-01,-1.1102230246251565e-16
10,15,4.3845914904997985e-01,1.0000000000000000e+00
10,16,4.4437857093235594e-01,-1.1102230246251565e-16
10,17,4.5029799281473204e-01,1.0000000000000000e+00
10,18,4.5621741469710814e-01,-1.1102230246251565e-16
10,19,4.6213683657948423e-01,1.0000000000000000e+00
10,20,4.6805625846186033e-01,-1.1102230246251565e-16
10,21,4.7397568034423643e-01,1.0000000000000000e+00
10,22,4.7989510222661252e-01,-1.1102230246251565e-16
10,23,4.8581452410898862e-01,1.0000000000000000e+00
10,24,4.9173394599136472e-01,-1.1102230246251565e-16
10,25,4.9765336787374082e-01,1.0000000000000000e+00
10,26,5.0357278975611697e-01,-1.1102230246251565e-16
10,27,5.0949221163849312e-01,1.0000000000000000e+00
10,28,5.1541163352086927e-01,-1.1102230246251565e-16
10,29,5.2133105540324542e-01,1.0000000000000000e+00
10,30,5.2725047728562158e-01,-1.1102230246251565e-16
10,31,5.3316989916799773e-01,1.0000000000000000e+00
10,32,5.3908932105037388e-01,-1.1102230246251565e-16
10,33,5.4500874293275003e-01,1.0000000000000000e+00
10,34,5.5092816481512619e-01,-1.1102230246251565e-16
10,35,5.5684758669750234e-01,1.0000000000000000e+00
10,36,5.6276700857987849e-01,-1.1102230246251565e-16
10,37,5.6868643046225464e-01,1.0000000000000000e+00
10,38,5.7460585234463080e-01,-1.1102230246251565e-16
10,39,5.8052527422700695e-01,1.0000000000000000e+00
10,40,5.8644469610938310e-01,-1.1102230246251565e-16
10,41,5.9236411799175925e-01,1.0000000000000000e+00
10,42,5.9828353987413541e-01,-1.1102230246251565e-16
10,43,6.0420296175651156e-01,1.0000000000000000e+00
10,44,6.1012238363888771e-01,-1.1102230246251565e-16
10,45,6.1604180552126386e-01,1.0000000000000000e+00
10,46,6.2196122740364002e-01,-1.1102230246251565e-16
10,47,6.2788064928601617e-01,1.0000000000000000e+00
10,48,6.3380007116839232e-01,-1.1102230246251565e-16
10,49,6.3971949305076847e-01,1.0000000000000000e+00
10,50,6.4563891493314463e-01,-1.1102230246251565e-16
10,51,6.5155833681552078e-01,1.0000000000000000e+00
10,52,6.5747775869789693e-01,-1.1102230246251565e-16
10,53,6.6339718058027308e-01,1.0000000000000000e+00
10,54,6.6931660246264923e-01,-1.1102230246251565e-16
10,55,6.7523602434502539e-01,1.0000000000000000e+00
10,56,6.8115544622740154e-01,-1.1102230246251565e-16
10,57,6.8707486810977769e-01,1.0000000000000000e+00
10,58,6.9299428999215384e-01,-1.1102230246251565e-16
10,59,6.9891371187453000e-01,1.0000000000000000e+00
10,60,7.0483313375690615e-01,-1.1102230246251565e-16
10,61,7.1075255563928230e-01,1.0000000000000000e+00
10,62,7.1667197752165845e-01,-1.1102230246251565e-16
10,63,7.2259139940403461e-01,1.0000000000000000e+00
10,64,7.2851082128641076e-01,-1.1102230246251565e-16
10,65,7.3443024316878691e-01,1.0000000000000000e+00
10,66,7.4034966505116306e-01,-1.1102230246251565e-16
10,67,7.4626908693353922e-01,1.0000000000000000e+00
10,68,7.5218850881591537e-01,-1.1102230246251565e-16
10,69,7.5810793069829152e-01,1.0000000000000000e+00
10,70,7.6402735258066767e-01,-1.1102230246251565e-16
10,71,7.6994677446304383e-01,1.0000000000000000e+00
10,72,7.7586619634541998e-01,-1.1102230246251565e-16
10,73,7.8178561822779613e-01,1.0000000000000000e+00
10,74,7.8770504011017228e-01,-1.1102230246251565e-16
10,75,7.9362446199254844e-01,1.0000000000000000e+00
10,76,7.9954388387492459e-01,-1.1102230246251565e-16
10,77,8.0546330575730074e-01,1.0000000000000000e+00
10,78,8.1138272763967689e-01,-1.1102230246251565e-16
10,79,8.1730214952205305e-01,1.0000000000000000e+00
10,80,8.2322157140442920e-01,-1.1102230246251565e-16
10,81,8.2914099328680535e-01,1.0000000000000000e+00
10,82,8.3506041516918150e-01,-1.1102230246251565e-16
10,83,8.4097983705155765e-01,1.0000000000000000e+00
10,84,8.4689925893393381e-01,-1.1102230246251565e-16
10,85,8.5281868081630996e-01,1.0000000000000000e+00
10,86,8.5873810269868611e-01,-1.1102230246251565e-16
10,87,8.6465752458106226e-01,1.0000000000000000e+00
10,88,8.7057694646343842e-01,-1.1102230246251565e-16
10,89,8.7649636834581457e-01,1.0000000000000000e+00
10,90,8.8241579022819072e-01,-1.1102230246251565e-16
10,91,8.8833521211056687e-01,1.0000000000000000e+00
10,92,8.9425463399294303e-01,-1.1102230246251565e-16
10,93,9.0017405587531918e-01,1.0000000000000000e+00
10,94,9.0609347775769533e-01,-1.1102230246251565e-16
10,95,9.1201289964007148e-01,1.0000000000000000e+00
10,96,9.1793232152244764e-01,-1.1102230246251565e-16
10,97,9.2385174340482379e-01,1.0000000000000000e+00
10,98,9.2977116528719994e-01,-1.1102230246251565e-16
10,99,9.3569058716957609e-01,1.0000000000000000e+00
11,0,6.8670796585447502e-01,0.0000000000000000e+00
11,1,6.8630522071710454e-01,1.0000000000000000e+00
11,2,6.8590247557973405e-01,0.0000000000000000e+00
11,3,6.8549973044236356e-01,1.0000000000000000e+00
11,4,6.8509698530499308e-01,0.0000000000000000e+00
11,5,6.8469424016762259e-01,1.0000000000000000e+00
11,6,6.8429149503025211e-01,0.0000000000000000e+00
11,7,6.8388874989288162e-01,1.0000000000000000e+00
11,8,6.8348600475551113e-01,0.0000000000000000e+00
11,9,6.8308325961814065e-01,1.0000000000000000e+00
11,10,6.8268051448077016e-01,0.0000000000000000e+00
11,11,6.8227776934339968e-01,1.0000000000000000e+00
11,12,6.8187502420602919e-01,0.0000000000000000e+00
11,13,6.8147227906865870e-01,1.0000000000000000e+00
11,14,6.8106953393128822e-01,0.0000000000000000e+00
11,15,6.8066678879391773e-01,1.0000000000000000e+00
11,16,6.8026404365654725e-01,0.0000000000000000e+00
11,17,6.7986129851917676e-01,1.0000000000000000e+00
11,18,6.7945855338180627e-01,0.0000000000000000e+00
11,19,6.7905580824443579e-01,1.0000000000000000e+00
11,20,6.7865306310706530e-01,0.0000000000000000e+00
11,21,6.7825031796969482e-01,1.0000000000000000e+00
11,22,6.7784757283232433e-01,0.0000000000000000e+00
11,23,6.7744482769495384e-01,1.0000000000000000e+00
11,24,6.7704208255758336e-01,0.0000000000000000e+00
11,25,6.7663933742021287e-01,1.0000000000000000e+00
11,26,6.7623659228284239e-01,0.0000000000000000e+00
11,27,6.7583384714547190e-01,1.0000000000000000e+00
11,28,6.7543110200810141e-01,0.0000000000000000e+00
11,29,6.7502835687073093e-01,1.0000000000000000e+00
11,30,6.7462561173336044e-01,0.0000000000000000e+00
11,31,6.7422286659598996e-01,1.0000000000000000e+00
11,32,6.7382012145861947e-01,0.0000000000000000e+00
11,33,6.7341737632124898e-01,1.0000000000000000e+00
11,34,6.7301463118387850e-01,0.0000000000000000e+00
11,35,6.7261188604650801e-01,1.0000000000000000e+00
11,36,6.7220914090913753e-01,0.0000000000000000e+00
11,37,6.7180639577176704e-01,1.0000000000000000e+00
11,38,6.7140365063439655e-01,0.0000000000000000e+00
11,39,6.7100090549702607e-01,1.0000000000000000e+00
11,40,6.7059816035965558e-01,0.0000000000000000e+00
11,41,6.7019541522228510e-01,1.0000000000000000e+00
11,42,6.6979267008491461e-01,0.0000000000000000e+00
11,43,6.6938992494754412e-01,1.0000000000000000e+00
11,44,6.6898717981017364e-01,0.0000000000000000e+00
11,45,6.6858443467280315e-01,1.0000000000000000e+00
11,46,6.6818168953543267e-01,0.0000000000000000e+00
11,47,6.6777894439806218e-01,1.0000000000000000e+00
11,48,6.6737619926069169e-01,0.0000000000000000e+00
11,49,6.6697345412332121e-01,1.0000000000000000e+00
11,50,6.6657070898595072e-01,0.0000000000000000e+00
11,51,6.6616796384858024e-01,1.0000000000000000e+00
11,52,6.6576521871120975e-01,0.0000000000000000e+00
11,53,6.6536247357383926e-01,1.0000000000000000e+00
11,54,6.6495972843646878e-01,0.0000000000000000e+00
11,55,6.6455698329909829e-01,1.0000000000000000e+00
11,56,6.6415423816172781e-01,0.0000000000000000e+00
11,57,6.6375149302435732e-01,1.0000000000000000e+00
11,58,6.6334874788698683e-01,0.0000000000000000e+00
11,59,6.6294600274961635e-01,1.0000000000000000e+00
11,60,6.6254325761224586e-01,0.0000000000000000e+00
11,61,6.6214051247487538e-01,1.0000000000000000e+00
11,62,6.6173776733750489e-01,0.0000000000000000e+00
11,63,6.6133502220013440e-01,1.0000000000000000e+00
11,64,6.6093227706276392e-01,0.0000000000000000e+00
11,65,6.6052953192539343e-01,1.0000000000000000e+00
11,66,6.6012678678802295e-01,0.0000000000000000e+00
11,67,6.5972404165065246e-01,1.0000000000000000e+00
11,68,6.5932129651328197e-01,0.0000000000000000e+00
11,69,6.5891855137591149e-01,1.0000000000000000e+00
11,70,6.5851580623854100e-01,0.0000000000000000e+00
11,71,6.5811306110117052e-01,1.0000000000000000e+00
11,72,6.5771031596380003e-01,0.0000000000000000e+00
11,73,6.5730757082642954e-01,1.0000000000000000e+00
11,74,6.5690482568905906e-01,0.0000000000000000e+00
11,75,6.5650208055168857e-01,1.0000000000000000e+00
11,76,6.5609933541431809e-01,0.0000000000000000e+00
11,77,6.5569659027694760e-01,1.0000000000000000e+00
11,78,6.5529384513957711e-01,0.0000000000000000e+00
11,79,6.5489110000220663e-01,1.0000000000000000e+00
11,80,6.5448835486483614e-01,0.0000000000000000e+00
11,81,6.5408560972746566e-01,1.0000000000000000e+00
11,82,6.5368286459009517e-01,0.0000000000000000e+00
11,83,6.5328011945272468e-01,1.0000000000000000e+00
11,84,6.5287737431535420e-01,0.0000000000000000e+00
11,85,6.5247462917798371e-01,1.0000000000000000e+00
11,86,6.5207188404061323e-01,0.0000000000000000e+00
11,87,6.5166913890324274e-01,1.0000000000000000e+00
11,88,6.5126639376587225e-01,0.0000000000000000e+00
11,89,6.5086364862850177e-01,1.0000000000000000e+00
11,90,6.5046090349113128e-01,0.0000000000000000e+00
11,91,6.5005815835376080e-01,1.0000000000000000e+00
11,92,6.4965541321639031e-01,0.0000000000000000e+00
11,93,6.4925266807901982e-01,1.0000000000000000e+00
11,94,6.4884992294164934e-01,0.0000000000000000e+00
11,95,6.4844717780427885e-01,1.0000000000000000e+00
11,96,6.4804443266690837e-01,0.0000000000000000e+00
11,97,6.4764168752953788e-01,1.0000000000000000e+00
11,98,6.4723894239216739e-01,0.0000000000000000e+00
11,99,6.4683619725479691e-01,1.0000000000000000e+00
