ray,n_bounces,period,loop_found,chirality,final_kx,final_ky
0,1600,22,1,4.6827448250309617e-01,1.3935278782008125e+13,-1.3935278782008125e+12
1,1600,22,1,4.6827448250309639e-01,9.6780149349337930e+12,-9.6780149349337939e+11
2,1600,22,1,4.6827448250309639e-01,-9.6251771876491016e+12,9.6251771876491016e+11
3,1600,22,1,-4.6827448250309645e-01,-4.4934825465370312e+13,-4.4934825465370312e+12
4,1600,22,1,-4.6827448250309645e-01,3.5937481924643047e+13,3.5937481924643047e+12
5,1600,22,1,4.6827448250309639e-01,-1.4194269683716807e+13,1.4194269683716807e+12
6,1600,22,1,4.6827448250309628e-01,1.1347059513992070e+13,-1.1347059513992070e+12
7,1600,22,1,4.6827448250309645e-01,-1.3894153920711260e+13,1.3894153920711260e+12
8,1600,22,1,-3.1725517798238713e-02,-1.4471181604567451e+13,1.4471181604567441e+12
9,1600,22,1,-4.6827448250309628e-01,-1.2705720736049062e+13,-1.2705720736049062e+12
10,1600,22,1,-4.6827448194659166e-01,3.0676516907636230e+13,3.0676516907636230e+12
11,1600,0,0,0.0000000000000000e+00,4.0274840414949553e-02,-1.0000081102809639e+00
