ray,p0x,p0y,k0x,k0y
0,4.8540343585858337e-01,8.4999999999999998e-01,9.8248859385396292e-01,-1.0048148279014057e+00
1,6.3571364571547362e-01,8.4999999999999998e-01,7.1652004027747607e-01,-1.0025637185142859e+00
2,5.0909946686239360e-01,8.4999999999999998e-01,6.6164492756621573e-01,-1.0021864797041222e+00
3,5.0664989932103033e-01,8.4999999999999998e-01,-1.0309472402418050e+00,-1.0053002149217030e+00
4,6.0216658051675920e-01,8.4999999999999998e-01,-4.8532804662539597e-01,-1.0011770238716089e+00
5,3.4187215277479410e-01,8.4999999999999998e-01,1.1676990034927166e+00,-1.0067945220488532e+00
6,4.1984575968692739e-01,8.4999999999999998e-01,6.1698632409666487e-01,-1.0019015526693344e+00
7,3.0752863787460383e-01,8.4999999999999998e-01,9.5279557761489952e-01,-1.0045288418593192e+00
8,6.8827314115657856e-01,8.4999999999999998e-01,1.3624503857394101e+00,-1.0092386786761667e+00
9,4.8352804444977171e-01,8.4999999999999998e-01,-2.2985957832734494e-01,-1.0002641422431819e+00
10,3.4463631220928720e-01,8.4999999999999998e-01,-5.9298199175494415e-01,-1.0017565953990304e+00
11,6.8705029922158234e-01,8.4999999999999998e-01,4.0274840414949553e-02,-1.0000081102809639e+00
