Nv,q,W,alpha,mean_spacing,r_H7,D_nn,shift,KS_sp,p_r,p_D,p_KS,r_GUE_z
0,0.0,0.5,0.5,0.011981804524559426,0.22641576150208137,0.2584614616101241,0.8,0.7336683417085427,0.16923076923076924,0.1076923076923077,1.0,1.8936817833815616
0,0.0,1.0,0.5,0.011981804524559426,0.22641576150208137,0.2584614616101241,0.8,0.7336683417085427,0.16923076923076924,0.1076923076923077,1.0,1.8936817833815616
32,0.5,0.0,0.5,0.012057230236006532,0.22435817151327286,0.27294093962689137,0.9500000000000002,0.1407035175879397,0.16923076923076924,0.6615384615384615,1.0,1.8774815195324404
8,1.0,0.0,0.5,0.012042854807098059,0.21840690926694484,0.26646412211825615,0.25,0.09547738693467339,0.16923076923076924,0.4,0.9230769230769231,1.8306247506182125
16,1.0,0.0,0.5,0.012053361579287995,0.2121993074202169,0.25756116766269066,0.55,0.08040201005025124,0.18461538461538463,0.09230769230769231,0.5538461538461539,1.7817497131548354
2,1.0,0.0,0.5,0.012014592990711193,0.20431955103424623,0.26290030602178477,0.5,0.2562814070351759,0.2,0.26153846153846155,1.0,1.7197091058356657
16,0.5,0.5,0.4,0.012551294972815985,0.20008137540777374,0.27283900590796833,-0.3999999999999999,0.5577889447236181,0.2,0.6615384615384615,1.0,1.6863401821136328
2,1.0,0.5,0.4,0.01249360763382686,0.1990493695848781,0.27742356502892235,-0.19999999999999996,0.542713567839196,0.2,0.8461538461538461,1.0,1.6782147699976746
32,1.0,0.0,0.5,0.012145342533107324,0.19866396961886704,0.2765285060305515,-0.04999999999999993,0.09547738693467336,0.2,0.8,0.9230769230769231,1.6751803553811664
8,1.0,0.0,0.4,0.012549215184007196,0.19800211199966436,0.2684784332409849,-0.44999999999999996,0.5979899497487438,0.2,0.5076923076923077,1.0,1.6699692743980965
8,0.5,1.0,0.4,0.012516942579650083,0.1975786002013888,0.2559194498960368,0.5,0.5175879396984924,0.2,0.09230769230769231,1.0,1.6666347894362732
2,0.5,1.0,0.4,0.012498156543603386,0.1939489247724471,0.27898866994021687,1.0,0.5376884422110553,0.2153846153846154,0.8615384615384616,1.0,1.6380568414702752
0,0.0,0.5,0.4,0.012389750610223961,0.19336601073961582,0.23783037032567297,-0.19999999999999996,0.6231155778894473,0.2153846153846154,0.015384615384615385,1.0,1.6334673162565125
0,0.0,1.0,0.4,0.012389750610223961,0.19336601073961582,0.23783037032567297,-0.19999999999999996,0.6231155778894473,0.2153846153846154,0.015384615384615385,1.0,1.6334673162565125
8,0.5,0.5,0.4,0.012487000997743395,0.19285699955921248,0.27364979930305006,0.9000000000000001,0.5829145728643217,0.2153846153846154,0.676923076923077,1.0,1.6294596590120964
16,0.5,0.0,0.4,0.01248947398811594,0.19176958340433223,0.2744737752798627,0.55,0.5728643216080402,0.23076923076923078,0.7230769230769231,1.0,1.620897978250295
2,0.5,0.0,0.4,0.012393204602044981,0.19092706877290624,0.2438168902794245,0.4500000000000002,0.6180904522613065,0.23076923076923078,0.015384615384615385,1.0,1.6142645092889933
32,0.5,0.0,0.4,0.012568246439017454,0.19036836996120507,0.2645152200671169,0.5,0.5527638190954774,0.24615384615384617,0.3230769230769231,1.0,1.6098656406071958
8,0.5,0.0,0.4,0.012441847267909463,0.1891262412313721,0.2672149647436652,0.050000000000000044,0.6030150753768844,0.26153846153846155,0.4153846153846154,1.0,1.6000858432387606
2,0.5,0.5,0.4,0.012427855582587485,0.1889329874989001,0.2760685312338192,-0.29999999999999993,0.5678391959798995,0.26153846153846155,0.7692307692307693,1.0,1.5985642760300833
2,1.0,0.0,0.4,0.012416365269611589,0.1854199861903018,0.24341566745350462,0.10000000000000009,0.6180904522613064,0.26153846153846155,0.015384615384615385,1.0,1.5709049520582765
16,0.5,0.0,0.5,0.012031195088502658,0.18035822871507434,0.2667970103192488,1.0,0.14070351758793972,0.26153846153846155,0.4,1.0,1.5310516250665214
32,1.0,0.5,0.5,0.012231858947819944,-0.168447299012455,0.2841371537519926,-0.6,0.08040201005025124,0.2923076923076923,1.0,0.5538461538461539,-1.2152397215832413
2,0.5,1.0,0.5,0.01203820676321894,0.15499396194747805,0.25986533806877465,-0.19999999999999996,0.25125628140703515,0.2923076923076923,0.13846153846153847,1.0,1.331348177727868
32,1.0,0.5,0.4,0.012559436436283194,0.15150646556895703,0.2739162175842987,0.9500000000000002,0.1256281407035176,0.2923076923076923,0.6923076923076923,1.0,1.3038896647042835
16,0.5,0.5,0.5,0.012077920149955007,0.1470510250334131,0.26923860380250564,1.0,0.11557788944723621,0.3076923076923077,0.5538461538461539,0.9846153846153847,1.26881012376927
16,1.0,1.0,0.4,0.012619143840008349,-0.14288179714984783,0.27486345899335307,-0.85,0.11557788944723618,0.3384615384615385,0.7230769230769231,0.9846153846153847,-1.013951866440987
8,1.0,1.0,0.5,0.012178218796097219,-0.14143422206820944,0.26750629816898547,0.050000000000000044,0.10552763819095479,0.3384615384615385,0.4307692307692308,0.9846153846153847,-1.0025545042884159
8,0.5,0.0,0.5,0.012015288664090592,0.139113432544137,0.27890189438403135,-0.35,0.2964824120603015,0.35384615384615387,0.8615384615384616,1.0,1.2063141486952755
8,1.0,0.5,0.5,0.012105849291331528,0.12682449931093884,0.27225166805582063,0.3500000000000001,0.10552763819095479,0.4153846153846154,0.6307692307692307,0.9846153846153847,1.1095582537478423
2,0.5,0.0,0.5,0.0119936489736639,0.12096087566435122,0.2679360249714036,0.5,0.43216080402010054,0.4153846153846154,0.47692307692307695,1.0,1.063391500068372
16,1.0,0.5,0.5,0.012135957946095701,-0.11960957951595867,0.26681296898010226,-0.7,0.1306532663316583,0.4153846153846154,0.4,1.0,-0.8307199941662302
16,1.0,1.0,0.5,0.012247579964277439,-0.1150230733190821,0.2680820836243925,0.0,0.09547738693467334,0.4307692307692308,0.49230769230769234,0.9230769230769231,-0.7946085186345782
32,1.0,1.0,0.4,0.012468003341817814,-0.11493118623870302,0.2945726339274234,-0.3999999999999999,0.12060301507537685,0.4307692307692308,1.0,1.0,-0.7938850533404412
32,0.5,1.0,0.4,0.012620710609511802,0.09725071207520579,0.26266111267600395,0.0,0.09547738693467336,0.5230769230769231,0.23076923076923078,0.9230769230769231,0.8767114966958762
16,1.0,0.0,0.4,0.012637795610410488,-0.08876382471735415,0.2946466564180682,-0.3999999999999999,0.3266331658291457,0.5538461538461539,1.0,1.0,-0.5878585061726667
8,0.5,1.0,0.5,0.012074348300000827,-0.07501796973758978,0.28415591786755534,0.55,0.14070351758793972,0.6307692307692307,1.0,1.0,-0.4796316588827978
32,1.0,0.0,0.4,0.012668099929044357,-0.06836868683273084,0.278623427642229,-0.3999999999999999,0.3316582914572864,0.6461538461538462,0.8615384615384616,1.0,-0.4272790822994793
8,0.5,0.5,0.5,0.01202553067530652,0.06790952072121384,0.2746151368213678,-0.1499999999999999,0.19597989949748743,0.6461538461538462,0.7230769230769231,1.0,0.6456960639966335
2,0.5,0.5,0.5,0.011993291071418026,0.06519153459781374,0.2697924253624715,-0.85,0.3065326633165829,0.7076923076923077,0.6,1.0,0.6242962260421195
8,1.0,0.5,0.4,0.012555525011908764,-0.05851078730113417,0.2876975019927567,-1.0,0.31155778894472363,0.7538461538461538,1.0,1.0,-0.34966372925119105
16,0.5,1.0,0.5,0.012159279798126891,0.05576630264915143,0.2701032374078391,0.3500000000000001,0.07537688442211057,0.7692307692307693,0.6,0.5538461538461539,0.5500874452655778
16,0.5,1.0,0.4,0.01268976615355071,-0.055026025673684816,0.2739785553296452,-0.1499999999999999,0.26633165829145733,0.7692307692307693,0.6923076923076923,1.0,-0.32222674806298846
16,1.0,0.5,0.4,0.01268580115015437,-0.042472744474266626,0.27400288270718043,0.40000000000000013,0.26633165829145733,0.8307692307692308,0.6923076923076923,1.0,-0.2233895313633908
32,1.0,1.0,0.5,0.01272797005910956,0.03798304865478098,0.27263360198663134,-0.95,0.1256281407035176,0.8307692307692308,0.6615384615384615,1.0,0.410072472228326
2,1.0,1.0,0.5,0.012151951936940266,-0.03551152253736913,0.2718209709083901,-0.09999999999999998,0.1256281407035176,0.8461538461538461,0.6153846153846154,1.0,-0.1685809287246625
32,0.5,1.0,0.5,0.012255193946041763,-0.02492360617319794,0.25605730927549486,0.0,0.10552763819095476,0.8461538461538461,0.09230769230769231,0.9538461538461539,-0.08521784878893177
32,0.5,0.5,0.4,0.012599319957045435,0.021015314786819186,0.27687716340824475,-1.0,0.21105527638190957,0.9076923076923077,0.8153846153846154,1.0,0.2764784291596048
2,1.0,1.0,0.4,0.012630118359496994,-0.01854536896440766,0.2802756650279252,0.7000000000000002,0.22110552763819097,0.9384615384615385,0.9076923076923077,1.0,-0.03499932797734833
32,0.5,0.5,0.5,0.012197550793703165,0.018502708584085318,0.2772393680958689,-0.29999999999999993,0.055276381909547756,0.9384615384615385,0.8307692307692308,0.1076923076923077,0.25669563294917097
2,1.0,0.5,0.5,0.012063014930871526,-0.0042397107955124145,0.2765602557322508,-0.09999999999999998,0.1407035175879397,1.0,0.8,1.0,0.07763508321826802
8,1.0,1.0,0.4,0.012631350248947367,0.0013523949075842446,0.27362384723551714,0.75,0.27135678391959805,1.0,0.676923076923077,1.0,0.12166406292515429
