name,Nv,q,W,alpha,bc,aniso,r_mean,r_H7,r_EF,scale_EF,amp_EF,null_EF_mean,null_EF_sd,z_EF,dalpha,mass,profile,signs,twist
A_aniso0.8,16,1.0,0.5,0.5,open,0.8,0.5002209850116544,0.0026159927603893614,0.8085330835421941,1.0,0.016118052618777166,-0.04264554889549053,0.3122140153403541,2.7262665691346006,,,,,
A_aniso1.25,16,1.0,0.5,0.5,open,1.25,0.4992803588243496,-0.009175564895316103,0.7049044786577833,1.0,0.01681707448689878,-0.0360080290773594,0.2747361314996458,2.69681495364616,,,,,
A_dalpha-0.02,16,1.0,0.5,0.5,open,,0.5002879955120584,8.334933248494393e-05,0.9783814903667243,1.0,0.012483008484912569,-0.052348295217382275,0.401713785638636,2.565831252082809,-0.02,,,,
A_dalpha+0.02,16,1.0,0.5,0.5,open,,0.5010657624581877,-0.033538109401047046,0.9593366341981692,1.0,0.012502844609119204,-0.05281507253352243,0.3949623048673599,2.562653940030055,0.02,,,,
A_mass0.15,16,1.0,0.5,0.5,open,,0.5006240994139937,0.018988358449378486,0.9911878822153721,1.0,0.013471305471765982,-0.053775440777919535,0.4256415170672883,2.455031478585997,,0.15,,,
A_mass0.35,16,1.0,0.5,0.5,open,,0.5003439509109904,0.01448110766274665,0.9865888932396799,1.0,0.013564496517157335,-0.05374945104522152,0.4378757239461365,2.375875819078005,,0.35,,,
A_profile_midpoint,16,1.0,0.5,0.5,open,,0.49937519707986044,0.03256480942017184,0.9528092744011389,1.0,0.012146051557109669,-0.05240775684037597,0.3918989896543287,2.5649901065786325,,,midpoint,,
A_signs_allplus,16,1.0,0.5,0.5,open,,0.499673927747255,0.013158515353369097,0.5473567199177879,1.0,0.01648378391901257,-0.02197833452424172,0.16472360888163798,3.4563051301961507,,,,all_plus,
A_aniso08_dalpha+0.02,16,1.0,0.5,0.5,open,0.8,0.5007636268946912,0.02956837278993612,0.7547061660271625,1.0,0.022131817056104335,-0.04127812688104556,0.33265024041158636,2.392856508756287,0.02,,,,
A_aniso125_mass0.15,16,1.0,0.5,0.5,open,1.25,0.49977776466772744,-0.02571953033031348,0.7137610745140623,1.0,0.016519214464733943,-0.036212263823706896,0.2693135532122333,2.7847589896329894,,0.15,,,
A_mass0.15_dalpha-0.02,16,1.0,0.5,0.5,open,,0.5001023489130423,-0.00032743111548351846,0.9795345692536618,1.0,0.012503588590894399,-0.05243624373512939,0.4028022745908379,2.5619786135444635,-0.02,0.15,,,
A_midpoint_allplus,16,1.0,0.5,0.5,open,,0.499673927747255,0.013158515353369097,0.5473567199177879,1.0,0.01648378391901257,-0.02197833452424172,0.16472360888163798,3.4563051301961507,,,midpoint,all_plus,
B_torus_base,16,1.0,0.5,0.5,torus,,0.5001802215846869,-0.025928166932588724,0.48494860263351935,1.0,0.019279522155285403,-0.02147815546724698,0.21918548629680826,2.3104940325062975,,,,,
B_twist3_0,16,1.0,0.5,0.5,torus,,0.4998874217759936,-0.02549178079192375,0.9140565197266527,1.0,0.015622099779834035,-0.04928670513203215,0.36219107408509765,2.659765228317982,,,,,3.1416_0
B_twist0_3,16,1.0,0.5,0.5,torus,,0.4981432516739636,0.001815546323399943,0.7353238723124876,1.0,0.01913866064852017,-0.04048633004078254,0.33907044559472094,2.2880502044125928,,,,,0_3.1416
B_twist3_3,16,1.0,0.5,0.5,torus,,0.49971143168301413,-0.03301495046331931,0.22171130539927852,1.0,0.018657370975669336,-0.00521413427113084,0.22505272166285692,1.0083212413238791,,,,,3.1416_3.1416
B_torus_aniso0.8,16,1.0,0.5,0.5,torus,0.8,0.49936106761217025,-0.00963133088534814,0.7350152409442272,1.0,0.020584160401008796,-0.03936237905599177,0.3213564358845982,2.4097156102338166,,,,,
B_torus_aniso1.25,16,1.0,0.5,0.5,torus,1.25,0.49912072510331584,0.006168202581172419,0.7598877738481652,1.0,0.016558286790881123,-0.03971900946350914,0.2805476964852226,2.8501634243637155,,,,,
B_torus_dalpha+0.0417,16,1.0,0.5,0.5,torus,,0.4984806414127237,-0.004101930954335956,0.30177529122345886,1.0,0.021315061388450768,-0.011537402563448021,0.23797631621946858,1.316570904047279,0.041666666666666664,,,,
B_torus_dalpha-0.0417,16,1.0,0.5,0.5,torus,,0.49914109754983166,-0.0032450080359435383,0.8401687722534923,1.0,0.012860543659165643,-0.043963522446303076,0.3262473818835146,2.710005792523023,-0.041666666666666664,,,,
B_torus_mass0.15,16,1.0,0.5,0.5,torus,,0.5004089002227807,-0.02600021962385021,0.41821975928938765,1.0,0.020097634537947308,-0.01805955916054558,0.22430502088855472,1.945026984780235,,0.15,,,
B_torus_midpoint,16,1.0,0.5,0.5,torus,,0.5001802215846869,-0.025928166932588724,0.48494860263351935,1.0,0.019279522155285403,-0.02147815546724698,0.21918548629680826,2.3104940325062975,,,midpoint,,
B_torus_allplus,16,1.0,0.5,0.5,torus,,0.4985422888635022,0.007999089933803834,0.7245521963637754,1.0,0.020545879750600342,-0.0412292558837871,0.36818265146369233,2.0798955333806073,,,,all_plus,
B_twistpi_pi_mass0.15,16,1.0,0.5,0.5,torus,,0.4991526490906031,-0.01904676047596791,0.29980899884805157,1.0,0.018100749578567655,-0.008735648197283424,0.19549536320627806,1.5782709215449389,,0.15,,,3.1416_3.1416
B_twistpi_pi_aniso1.25,16,1.0,0.5,0.5,torus,1.25,0.501781280554399,0.022340393841273985,0.12464846309369622,1.0,0.018039266449016086,0.0021899628759374373,0.18771506919718692,0.652363716677009,,,,,3.1416_3.1416
C_Nv8_allplus,8,1.0,0.5,0.5,open,,0.4992371944797412,-0.0434730569109078,0.3513754235364971,1.0,0.017138500090860653,-0.009722056370383375,0.12906723550210084,2.797747069596163,,,,all_plus,
C_Nv32_allplus,32,1.0,0.5,0.5,open,,0.49807698531055156,-0.020807755898881498,0.8252308389276912,1.0,0.01629901279185895,-0.04605544915277373,0.3483384375578214,2.5012636968489543,,,,all_plus,
C_Nv16_random_signs,16,1.0,0.5,0.5,open,,0.49917465448184284,-0.018555249495665956,0.6922526428120513,1.0,0.020470461534645573,-0.037450550242612436,0.3197894131637043,2.281824109921736,,,,random,
C_q0.5_mass0.15,16,0.5,0.5,0.5,open,,0.4985123648700755,0.015509222009206304,-0.6178192952365542,1.0,0.02105970406711946,0.03154846638992883,0.28964644239453546,-2.241932461721595,,0.15,,,
C_q0.5_dalpha+0.02,16,0.5,0.5,0.5,open,,0.49991433961490417,-0.020145526566299678,0.9419672679132703,1.0,0.01648243117261485,-0.052979935188538586,0.4029354566314258,2.4692470884038125,0.02,,,,
C_W0_mass0.15,16,1.0,0.0,0.5,open,,0.49992004873214907,-0.03159633890199182,0.20394134947466486,1.0,0.01460809043926729,-0.015486709672608623,0.3338918979412508,0.6571829400481064,,0.15,,,
C_W0.1_midpoint,16,1.0,0.1,0.5,open,,0.4993290098220721,-0.01083919335483493,-0.09058414628317206,1.0,0.01831235054801953,-0.0005416443426220311,0.252112284191589,-0.3571523784700771,,,midpoint,,
C_alpha0.4_allplus,16,1.0,0.5,0.4,open,,0.4998890048173997,0.013536724648918108,0.771226648870061,1.0,0.011935527186437093,-0.039902137466153585,0.3051513029256952,2.6581200163963437,,,,all_plus,
C_alpha0.4_dalpha+0.02,16,1.0,0.5,0.4,open,,0.50105914340335,0.004769635908370549,0.6839184792207927,1.0,0.010364966873405742,0.2456196055314914,0.14686019644862844,2.9844633487373677,0.02,,,,
C_Nv64_midpoint,64,1.0,0.5,0.5,open,,0.4994727589799313,-0.02364471020079269,0.6619679006016338,1.0,0.016971359693126076,-0.029270523178301904,0.499555297750286,1.3837075232569485,,,midpoint,,
D_decoy_signs_random,16,1.0,0.5,0.5,open,,0.49917465448184284,-0.018555249495665956,0.6922526428120513,1.0,0.020470461534645573,-0.037450550242612436,0.3197894131637043,2.281824109921736,,,,random,
D_decoy_Nv32_random,32,1.0,0.5,0.5,open,,0.4991207837081291,-0.020663018208646872,0.9166398479550746,1.0,0.017158121646748608,-0.044770389436901016,0.47759407887147964,2.0130279664767174,,,,random,
